url_id	url	domain
32871245	bbc.com/sport/0/football/29047046	bbc.com
7456386	nypost.com/p/entertainment/the_top_8uvot4uag8utjgljpiz9ok/1#ixzz0y7leejgi	nypost.com
13219352	fakt.pl/wydarzenia/polska/dziennikarz-polityki-piotr-pytlakowski-zatrzymany-przez-policje-chcial-protestowac/q9x8yvn	fakt.pl
11024511	fox4kc.com/2016/11/20/breaking-gladstone-police-officer-shot-in-traffic-stop	fox4kc.com
30175399	star-ch.jp/channel/detail.php?movie_id=28489	star-ch.jp
10392028	govtrack.us/congress/votes/92-1972/s908	govtrack.us
30286926	tyndalesploughboy.org/category/reformers	tyndalesploughboy.org
42273280	portal.historicenvironment.scot/designation/lb46182	portal.historicenvironment.scot
13556332	dutchcharts.nl/showitem.asp?cat=a&interpret=fugees&titel=the+score	dutchcharts.nl
9301522	wikidata.org/wiki/q6762899#p570	wikidata.org
35448287	trs-new.jpl.nasa.gov/dspace/bitstream/2014/39501/1/05-0657.pdf	trs-new.jpl.nasa.gov
26230584	johnjosephadams.com/sherlock-holmes/author-interviews-2/barbara-roden-author-of-the-things-that-shall-come-upon-them	johnjosephadams.com
49618282	geonames.usgs.gov/apex/f?p=gnispq:5:::no::p5_antar_id:5544	geonames.usgs.gov
12633374	wikisky.org/?img_source=img_all&object=3c+236&zoom=14	wikisky.org
42412565	pdxqcenter.org/hands-across-hawthorne	pdxqcenter.org
11981247	BOOKS.GOOGLE.COM	books.google.com
39049373	id.loc.gov/authorities/names/no2017144883	id.loc.gov
3599040	snaccooperative.org/ark:/99166/w6xd12w6	snaccooperative.org
29025504	"api.semantic
scholar.org/corpusid:84315311"	api.semanticscholar.org
20035093	giveforgood.org.au	giveforgood.org.au
44993689	neogen.com/acumedia/pdf/prodinfo/7724_pi.pdf	neogen.com
12400980	imdb.com/name/nm2322519	imdb.com
11767226	fmf.uni-lj.si/~mohar/videos/bled99_robertson_divxfull.avi	fmf.uni-lj.si
32530821	data.bibliotheken.nl/id/thes/p136443907	data.bibliotheken.nl
42935114	micultarte.it/musica/87-musica-e-rock/108-dimmi-argus-hard-rock-dall-est-europeo-a-milano.html	micultarte.it
20637158	bbc.co.uk/news/education-15901118	bbc.co.uk
21141220	sportsillustrated.cnn.com/nhl/news/20130308/top-10-nhl-slap-shots-of-all-time/#all%23all	sportsillustrated.cnn.com
33333425	volcano.si.edu/volcano.cfm?vn=353040	volcano.si.edu
3014291	thomas.loc.gov/bss/d108/sponlst.html#ss	thomas.loc.gov
19332740	dot.nebraska.gov/media/12568/cambridge.pdf	dot.nebraska.gov
25300735	discogs.com/eurythmics-here-comes-the-rain-again/release/220562	discogs.com
40006697	id.biodiversity.org.au/name/apni/178883	id.biodiversity.org.au
29323519	data.bnf.fr/ark:/12148/cb12552018w	data.bnf.fr
14418953	uefa.com/womensunder19/match/2025940	uefa.com
46481690	htps://www.data.bnf.fr/ark:/12148/cb12780302t	data.bnf.fr
34198649	rkd.nl/en/explore/artists/62057	rkd.nl
12321321	"city-data.com/	township/shamrock-holt-ne.html"	city-data.com
28038559	channel.louisiana.dk/video/ulay-under-my-skin	channel.louisiana.dk
18564511	city-data.com/township/shamrock-holt-ne.html	city-data.com
4605618	viaf.org/viaf/72689661	viaf.org
40179168	huffingtonpost.com/2012/02/16/anne-thornton_n_1281997.html	huffingtonpost.com
18815687	2009-2017.state.gov/r/pa/prs/dpb/2013/01/202846.htm#srilanka	2009-2017.state.gov
6985541	marinespecies.org/aphia.php?id=204502&p=taxdetails	marinespecies.org
31845208	genenames.org/data/gene-symbol-report/?_escaped_fragment_=/hgnc_id/29826	genenames.org
46346982	primaryclub.com/about	primaryclub.com
32426693	wikidata.org/wiki/q64500#identifiers	wikidata.org
36164495	indaily.com.au/news/2017/05/01/gutted-mcfetridge-quits-libs-considers-independent-tilt	indaily.com.au
23745950	thoroldedition.ca/2016/05/12/nazis-were-the-biggest-bullies-in-history	thoroldedition.ca
41811536	snaccooperative.org/ark:/99166/w6ks8bqm	snaccooperative.org
48456484	news.google.com/newspapers?id=pk1jaaaaibaj&pg=3154,4978051&sjid=cg4naaaaibaj	news.google.com
45871493	gbif.org/species/2888638	gbif.org
2254317	discogs.com/pink-floyd-have-a-cigar/release/4165495#images%2f8220240	discogs.com
28063374	nba.com/playerfile/shaquille_oneal/printable_player_files.html	nba.com
29420510	stlouis-mo.gov/neighborhoods/profile.cfm?neighborhood=walnut%20park%20west	stlouis-mo.gov
31137627	dbu.dk/landshold/landsholdsdatabasen/playerinfo/8009	dbu.dk
14169707	virtualglobetrotting.com/map/broad-town	virtualglobetrotting.com
25771319	digitalspy.co.uk/ustv/news/a515898/sleepy-hollow-tv-series-to-premiere-in-the-uk-next-month.html#~p3ybqcrhygbvut	digitalspy.co.uk
8706357	variety.com/2020/film/global/colo-tavernier-ohagan-cannes-screenwriter-of-fresh-bait-round-midnight-dies-1234634320	variety.com
37296846	screenrant.com/agents-shield-hydra-history-origins-mcu	screenrant.com
51735914	worldcat.org/identities/lccn-no2009195364	worldcat.org
6983219	prawo.sejm.gov.pl/isap.nsf/docdetails.xsp?id=wdu20041281334	prawo.sejm.gov.pl
26609832	archive.org/details/pioneersmoderned00adamiala	archive.org
39826250	semanticscholar.org/paper/c3f10959d26d0ba0165a1e6301366ad55548baa3	semanticscholar.org
8079715	thescooterreview.com/component/content/article/133-gilera/294-gilera-runner-180-sp	thescooterreview.com
13757893	opera.stanford.edu/composers/c.html	opera.stanford.edu
22661124	ftp://www.thebiographychannel.co.uk/biography_facts/1500:1707:1/katie_melua.htm	thebiographychannel.co.uk
25412194	itis.gov/servlet/singlerpt/singlerpt?search_topic=tsn&search_value=562463	itis.gov
37509756	nhm.ac.uk/our-science/data/lepindex/detail/?taxonno=101205	nhm.ac.uk
40954553	musicbrainz.org/artist/28461b67-db58-420f-8e3f-be9bb612979d	musicbrainz.org
2184055	youtube.com/watch?v=e--hfnyaiiu	youtube.com
7177154	bugguide.net/node/view/107442	bugguide.net
31725843	wcsp.science.kew.org/namedetail.do?name_id=384085	wcsp.science.kew.org
48386828	biodiversitylibrary.org/page/6376069	biodiversitylibrary.org
42622138	discogs.com/artist/tony+costanza	discogs.com
7043252	ero.govt.nz/report-view?id=2417	ero.govt.nz
13480401	findingaids.cul.columbia.edu/ead/nnc-rb/ldpd_4078697	findingaids.cul.columbia.edu
48959290	geonames.usgs.gov/apex/f?p=gnispq:3:::no::p3_fid:806273	geonames.usgs.gov
29910759	singlerpt/singlerpt?search_topic=tsn&search_value=22444	itis.gov
40336366	an.capacadie.com/2009/4/30/les-musiciens-de-l-odyssee-triomphent-a-washington	an.capacadie.com
47734581	ssd.jpl.nasa.gov/sbdb.cgi?sstr=2001+ok78#content	ssd.jpl.nasa.gov
37984556	spajournalism.com/spanc16live	spajournalism.com
8760881	mma-boxing.si.com/2011/12/08/dana-white-responds-to-rashad-evans-miguel-torres-media-miscues	mma-boxing.si.com
44669367	newspapers.com/image/508107462	newspapers.com
49206986	fas.org/irp/imint/kh-12.htm	fas.org
16523823	oxforddictionaries.com/definition/english/seladang	oxforddictionaries.com
14809815	shadowfist.com	shadowfist.com
34016284	info.yahoo.com/legal/us/yahoo/konfabulator/enginenwidgetsterms/enginenwidgetsterms-1821.html	info.yahoo.com
34135306	ville.boisbriand.qc.ca/services-aux-citoyens/repertoire-des-ressources/organismes-reconnus-par-la-ville/sportif.html	ville.boisbriand.qc.ca
19247801	imdb.com/title/tt0163477	imdb.com
37232702	vizier.u-strasbg.fr/viz-bin/vizier-s?gaia%20dr2%205335388664983921024	vizier.u-strasbg.fr
5004121	articles.timesofindia.indiatimes.com/2010-11-25/tv/28235920_1_eclairs-chocolate-pyramid	articles.timesofindia.indiatimes.com
445095	nfdc.faa.gov/nfdcapps/services/ajv5/airportdisplay.jsp?airportid=lkv	nfdc.faa.gov
40919806	books.google.com/?id=jhkypjgchecc	books.google.com
13428286	data.bnf.fr/ark:/12148/cb139002073	data.bnf.fr
39401851	opac.sbn.it/opacsbn/opac/iccu/scheda_authority.jsp?bid=it%5ciccu%5crmsv%5c041463	opac.sbn.it
6587489	sacbee.com/content/community_news/roseville/story/13657278p-14500102c.html	sacbee.com
28389679	worldcat.org/identities/viaf-260281158	worldcat.org
26906287	d-nb.info/gnd/4285329-1	d-nb.info
23124028	ssd.jpl.nasa.gov/sbdb.cgi?sstr=329268#content	ssd.jpl.nasa.gov
7547485	trove.nla.gov.au/people/846677	trove.nla.gov.au
20285232	mitre10.co.nz	mitre10.co.nz
32729713	d-nb.info/gnd/13179910x	d-nb.info
30503091	id.loc.gov/authorities/names/n88284631	id.loc.gov
10179450	ligaportugal.pt/pt/liga/jogo/20132014/1/20/3	ligaportugal.pt
1391190	arizonaathletics.com/viewarticle.dbml?atclid=66098&db_oem_id=1600&spid=535&spsid=8558	arizonaathletics.com
1058920	cpj.org/killed/1995/sayfettin-tepe.php	cpj.org
36708415	wikidata.org/wiki/q4707416#p166	wikidata.org
6923197	orthoptera.speciesfile.org/common/basic/taxa.aspx?taxonnameid=1104790	orthoptera.speciesfile.org
40984133	musicbrainz.org/artist/c3ff196a-9863-471d-9a17-d5d6184d4f0b	musicbrainz.org
16755249	espncricinfo.com/ci/content/player/19362.html	espncricinfo.com
12070002	timetravel.mementoweb.org/memento/20201231/https:/www.olympicchannel.com/en/athletes/detail/mikhail-ryzhak	timetravel.mementoweb.org
10002103	larryslist.com/artmarket/features/10-art-collectors-you-probably-didnt-know-were-involved-in-the-56th-venice-biennale	larryslist.com
5587304	molcas.org/gv	molcas.org
48723182	biogps.org/gene/56648	biogps.org
21522943	nae.edu/30628/professor-rakesh-agrawal	nae.edu
28278456	capitalfm.com/news/charlotte-crosby-boyfriend-dating	capitalfm.com
28357124	tvbythenumbers.zap2it.com/2011/07/18/2011-women's-world-cup-finals-espn's-most-viewed-and-highest-rated-soccer-match-ever-averaging-13-5-million-viewers/98284	tvbythenumbers.zap2it.com
17833441	11v11.com/matches/southend-united-v-rochdale-22-november-2003-18022	11v11.com
12629304	airbus.com/content/dam/corporate-topics/publications/backgrounders/backgrounder-airbus-commercial-aircraft-a380-facts-and-figures-en.pdf	airbus.com
21550334	ssd.jpl.nasa.gov/sbdb.cgi?sstr=506551#content	ssd.jpl.nasa.gov
42182670	books.google.com/?id=zaoaaaaayaaj	books.google.com
30090451	nl.go.kr/authorities/resource/kac200101595	nl.go.kr
8360152	foradejogo.net/match.php?match=199415400013005	foradejogo.net
19068707	youtube.com/user/multiverseofficial/videos	youtube.com
47765176	articles.timesofindia.indiatimes.com/2011-02-04/india/28376135_1_set-top-boxes-digital-cable-tv-digital-systems	articles.timesofindia.indiatimes.com
8719681	isni.org/isni/0000000109714139	isni.org
38722476	irmng.org/aphia.php?id=10874431&p=taxdetails	irmng.org
39727700	webcitation.org/5guj4aggs	webcitation.org
26931934	sssi.naturalengland.org.uk/citation/citation_photo/1001591.pdf	sssi.naturalengland.org.uk
44499806	data.bibliotheken.nl/id/thes/p370703588	data.bibliotheken.nl
37826796	wikidata.org/wiki/q42396956#identifiers	wikidata.org
32110679	cancer.org/cancer/penilecancer/detailedguide/penile-cancer-risk-factors	cancer.org
8736100	theifp.ca/community-story/5361585-town-recognizes-citizens-achievements	theifp.ca
33925004	cricketarchive.com/archive/players/7/7291/minor_counties_championship_matches.html	cricketarchive.com
46878760	theaucklander.co.nz/news/auckland-best-turnaround-destination-cruise/1808535	theaucklander.co.nz
1750459	isni.org/isni/0000000027637678	isni.org
36343375	bbc.com/news/uk-england-somerset-55152246	bbc.com
19816058	dp.la/exhibitions/radio-golden-age/radio-broadcast-news	dp.la
32515077	cflapedia.com/players/b/beaton_john.htm	cflapedia.com
33197551	state.gov/g/prm/rls/115282.htm	state.gov
20855815	mentor.ieee.org/802.11/dcn/09/11-09-0576-03-000n-sp2-40mhz-coexistence-cids-presentation.ppt	mentor.ieee.org
17036135	archive.org/stream/cataloguelibrar00stuagoog	archive.org
39275405	languagehat.com/archives/000576.php	languagehat.com
49113961	idref.fr/027772985	idref.fr
30008328	id.loc.gov/authorities/names/nr92033091	id.loc.gov
44558237	independent.co.uk/news/world/europe/world-gets-its-first-gay-leader-1519068.html	independent.co.uk
13310075	thefridaytimes.com/tft/hunger-strike	thefridaytimes.com
20919803	ipni.org/ipni/idplantnamesearch.do?id=750321-1	ipni.org
44221423	bbc.co.uk/schedules/p00fzl9s/2011/05/21	bbc.co.uk
33810847	linkedin.com/pub/manana-antadze/30/94a/169	linkedin.com
44290405	variety.com/article/vr1117853304.html?categoryid=1354&cs=1	variety.com
39335394	int.soccerway.com/matches/2017/04/23/kazakhstan/premier-league/fc-akzhayik-uralsk/fc-kaisar-kyzylorda/2408514	int.soccerway.com
160173	usatoday.com/story/news/nation/2020/06/08/george-floyd-third-ward-presence-athlete-police-history/3154912001	usatoday.com
10481496	fcviitorul.ro/stiri/noutati/gheorghe-popescu-prezentat-ca-presedinte-al-fc-viitorul	fcviitorul.ro
21483306	archive.org/details/traitdemcani01tissuoft	archive.org
47808215	baseball-reference.com/awards/hof_2001.shtml	baseball-reference.com
27001522	treccani.it/enciclopedia/rodolfo-benini	treccani.it
31835958	omim.org/entry/606869	omim.org
21783547	reuters.com/article/2012/04/04/israel-arms-usa-idusl6e8f4b3e20120404	reuters.com
16136551	adisinsight.springer.com/drugs/800008292	adisinsight.springer.com
41731748	ab-engine.ru/aviation_disaster_7.html	ab-engine.ru
42535344	boldsystems.org/index.php/taxbrowser_taxonpage?taxid=655848	boldsystems.org
51560440	paultan.org/2020/03/09/suzuki-ciaz-facelift-launched-in-thailand-1-2l-eco-car	paultan.org
42025799	mak.bn.org.pl/cgi-bin/khw/makwww.exe?bm=1&im=4&nu=1&wi=9810667596205606	mak.bn.org.pl
27886900	ssd.jpl.nasa.gov/sbdb.cgi?sstr=339934#content	ssd.jpl.nasa.gov
13028957	gwu.edu/~nsarchiv/nsaebb/nsaebb139/nitze10.pdf	gwu.edu
26809757	wikidata.org/wiki/q43078472#identifiers	wikidata.org
2503825	arkivalajmeve.com/flamurtari-shkaterron-skenderbeun.1046948044	arkivalajmeve.com
21264352	fil-luge.org/news-detail.335.0.html?&chash=0afedf5ac2&tx_ttnews[backpid]=331&tx_ttnews[tt_news]=11589	fil-luge.org
24485342	idref.fr/159021979	idref.fr
3247156	tv3.ie/pr_sub.php?type=1&view_pr=204	tv3.ie
13440454	globoesporte.globo.com/pr/futebol/times/atletico-pr/noticia/2014/01/atletico-pr-confirma-espanhol-miguel-angel-portugal-com-novo-tecnico.html	globoesporte.globo.com
40340041	opac.vatlib.it/auth/detail/495_172321	opac.vatlib.it
18143496	nzetc.org/tm/scholarly/barvict-fig-barvict304a.html	nzetc.org
14182581	siarchives.si.edu/collections/siris_arc_217432	siarchives.si.edu
40472479	paron.fr	paron.fr
29575525	dccomics.com/graphic_novels/?gn=9974	dccomics.com
22385422	litherland-digital.co.uk/album_9/pages/litherland_lift_bridge.html	litherland-digital.co.uk
47437674	search.ancestry.com/cgi-bin/sse.dll?_phsrc=djv2324&_phstart=successsource&dbid=7579&h=33979203&indiv=1&pid=&tid=&usepub=true	search.ancestry.com
49062219	cricinfo.com/db/archive/2005/eng_local/cc2/scorecards/25-29may2005/northants_somerset_cc2_25-28may2005.html	cricinfo.com
28219262	viaf.org/viaf/8648888	viaf.org
16557033	gemacademyaz.com	gemacademyaz.com
24451460	ghanaweb.com/ghanahomepage/newsarchive/postpaid-customers-refusing-to-settle-bills-after-expiration-of-govt-s-3-months-electricity-ecg-1080136	ghanaweb.com
38058315	atpworldtour.com/news/tennis/2012/02/9/dubai-saturday-federer-wins-fifth-dubai-title.aspx	atpworldtour.com
44134898	api.semanticscholar.org/corpusid:119473855	api.semanticscholar.org
6605840	jstor.org/action/dobasicsearch?query=%22j.s.+university%22&acc=on&wc=on	jstor.org
39218632	stitcher.com/show/the-daily-10	stitcher.com
7021198	viaf.org/viaf/24934751	viaf.org
41575972	worldcat.org/identities/containsviafid/236564453	worldcat.org
39060232	youtube.com/channel/uc7s7jayioy9j6hbefriidja	youtube.com
32613867	allmusic.com/artist/p37366	allmusic.com
25530551	southernspaces.org/2012/conversation-digital-historians	southernspaces.org
15583251	memory.loc.gov/cgi-bin/ampage?layout=unscaled&collid=varsep&filename=s53282/s53282.data&itemlink=d?varstg:3:./temp/~ammem_xump::&recnum=0	memory.loc.gov
50605094	youtube.com/watch?v=fvx5qrzv8xg	youtube.com
31837113	calstatela.edu/tvf	calstatela.edu
4764137	viaf.org/viaf/21209763	viaf.org
30846738	mediafire.com/download/yv8zdd3dtqwg67h/sweden's_certification-award-levels(2).pdf	mediafire.com
10310316	nmp.jpl.nasa.gov/st4	nmp.jpl.nasa.gov
28652893	lionsxii.sg/details/mc13-kedah-vs-lionsxii	lionsxii.sg
25213431	techfak.uni-bielefeld.de/bcd/curric/mulali/welcome.html	techfak.uni-bielefeld.de
47628824	plantsoftheworldonline.org/taxon/urn:lsid:ipni.org:names:811680-1	plantsoftheworldonline.org
28157263	rio2016.com/en/athlete/otar-bestaev	rio2016.com
45894115	catalog.archives.gov/id/25339663	catalog.archives.gov
36753838	imdb.com/title/tt13786256	imdb.com
39465383	smh.com.au/entertainment/movies/film-reviews-in-brief-julius-averys-thriller-son-of-a-gun-plus-liam-neesons-latest-and-more-20141013-115b86.html	smh.com.au
9844338	books.google.com/?id=y1cndwaaqbaj	books.google.com
43092761	jewishcurrents.org/jewdayo-grid/april-3-the-first-cell-phone-call	jewishcurrents.org
24766253	immunology.org/news/new-honorary-members-for-bsi	immunology.org
7692923	oprah.com/world/inside-a-polygamist-compound	oprah.com
7709690	newspapers.com/clip/20662143	newspapers.com
31339564	worldcat.org/identities/lccn-n90609217	worldcat.org
33387224	api.semanticscholar.org/corpusid:122651688	api.semanticscholar.org
37205793	last.fm/music/girl+on+fire/+events/2015	last.fm
50435315	snaccooperative.org/ark:/99166/w66x0whg	snaccooperative.org
22004371	heeren-genealogy.net/individual.php?ged=heeren.ged&pid=i31	heeren-genealogy.net
35682494	data.bibliotheken.nl/id/thes/p071325816	data.bibliotheken.nl
25136578	rugbyleagueproject.org/seasons/super-league-xv-2010/london-broncos/summary.html	rugbyleagueproject.org
44405297	gamerankings.com/ps3/620506-acceleration-of-suguri-x-edition/index.html	gamerankings.com
14052801	wikidata.org/wiki/q498148#identifiers	wikidata.org
19824830	allmovie.com/movie/v99798	allmovie.com
27094659	ssd.jpl.nasa.gov/sbdb.cgi?sstr=487271#content	ssd.jpl.nasa.gov
31969504	pacetoday.com.au/news/honeywell-acquires-enraf-holding-b-v-	pacetoday.com.au
18766257	fakultet.fpzg.hr/politicka-misao/datastorage/articles/120.pdf	fakultet.fpzg.hr
9056434	rferl.org/content/moldova-chisinau-mayor-election-chirtoaca/27072499.html	rferl.org
5818329	ftl.toolforge.org/cgi-bin/ftl?st=wp&su=han+dynasty	ftl.toolforge.org
35323571	unquote.com/france/analysis/2330612/deal-in-focus-ardian-backs-eur196bn-vinci-park-buyout	unquote.com
31330199	npgallery.nps.gov/assetdetail/nris/100003455	npgallery.nps.gov
3803173	daily.plaympe.com/luke-combs-six-feet-apart-2020	daily.plaympe.com
3252742	viaf.org/viaf/128732352	viaf.org
3115285	in.reuters.com/article/newsone/idinindia-37790220090202?pagenumber=2&virtualbrandchannel=0	in.reuters.com
1816690	honours.pmc.gov.au/honours/awards/886250	honours.pmc.gov.au
40467231	mingtiandi.com/real-estate/finance-real-estate/ares-management-buying-in-hong-kongs-ssg-capital	mingtiandi.com
41380385	irmng.org/aphia.php?id=1147872&p=taxdetails	irmng.org
3935222	elpais.com/diario/1981/10/20/espana/372380421_850215.html	elpais.com
41665542	scottishfa.co.uk/players/?pid=7318	scottishfa.co.uk
40541229	imdb.com/name/nm2775995	imdb.com
33881835	couriermail.com.au/sport/tennis/john-millman-goes-down-fighting-in-five-sets-to-marco-baghdatis/news-story/3f6c176fccc59ba25617be0726c08a92	couriermail.com.au
3982641	ourcampaigns.com/racedetail.html?raceid=776343	ourcampaigns.com
50269051	gallica.bnf.fr/ark:/12148/bpt6k61025298/f259.image	gallica.bnf.fr
16195898	wislaportal.pl/37617,denys_balaniuk_pilkarzem_olimpika_donieck.html	wislaportal.pl
50426514	districtcourt.justice.nsw.gov.au/documents/2003annrevdc.pdf	districtcourt.justice.nsw.gov.au
17581289	youtube.com/user/parayuurakuchou/videos	youtube.com
12091473	fauna-eu.org/cdm_dataportal/taxon/df7f01b5-7ec7-4837-9ab0-2fb0cce03def	fauna-eu.org
13664826	offiziellecharts.de/album-details-156682	offiziellecharts.de
20303435	caluniv.ac.in/about/eminent-teacher.html	caluniv.ac.in
9280795	businessmirror.com.ph/2016/02/07/regina-rica-a-place-for-prayer-pilgrimage	businessmirror.com.ph
51192176	findagrave.com/memorial/7405391	findagrave.com
17571607	worldnetdaily.com/news/article.asp?article_id=57812	worldnetdaily.com
1913935	ncbi.nlm.nih.gov/entrez/viewer.fcgi?val=nm_001324185	ncbi.nlm.nih.gov
10980168	fontanaheraldnews.com	fontanaheraldnews.com
29320838	metaljacketmagazine.com/obiymy-doschu-we-want-to-create-emotional-beautiful-multi-layered-music-croatian-english-version	metaljacketmagazine.com
5051736	sports-reference.com/olympics/athletes/ge/chloe-georges-1.html	sports-reference.com
22980841	tmz.com/person/sarah-silverman	tmz.com
17050109	parismatch.com/culture/cinema/tout-pour-etre-heureux-la-critique-943897	parismatch.com
23906222	catalog.loc.gov/vwebv/search?argtype1=all&searcharg1=0748-321x&searchcode1=knum&searchtype=2	catalog.loc.gov
11319493	reliefweb.int/rw/rwb.nsf/db900sid/myai-8897jt?opendocument	reliefweb.int
3984065	hudsongroup.com	hudsongroup.com
25351685	worldcat.org/identities/lccn-n92112063	worldcat.org
26978528	inaturalist.org/taxa/93096	inaturalist.org
42241574	residentadvisor.net/news.aspx?id=8066	residentadvisor.net
40482319	demoscope.ru/weekly/ssp/rus_lan_97_uezd.php?reg=364	demoscope.ru
46305091	thepeerage.com/p10891.htm#i108903	thepeerage.com
11549031	opac.oireachtas.ie/awdata/library3/library2/dl040379.pdf#page%3d10	opac.oireachtas.ie
36017239	data.bibliotheken.nl/id/thes/p073916595	data.bibliotheken.nl
36614680	gbif.org/species/6265423	gbif.org
34777189	github.com/vector-im/riot-web/issues/6779	github.com
3943296	webcert.fullerton.edu/arts/gcac/education/pastair_turkkawachi.html	webcert.fullerton.edu
8161598	herbert-sandberg.de/bio.htm	herbert-sandberg.de
28144454	idpc.ma/view/pc_architecture/sanae:220126	idpc.ma
5112401	spin.com/2016/02/damon-albarn-now-a-local-king-in-mali	spin.com
46111494	laopiniondemalaga.es/malagacf/2010/05/14/espiritu-malaga-80/339409.html	laopiniondemalaga.es
1204491	neotropical.birds.cornell.edu/species-account/nb/species/ivbwoo1	neotropical.birds.cornell.edu
20924265	primecutsbodybuildingdvds.com/index.php?main_page=product_info&products_id=823	primecutsbodybuildingdvds.com
30998705	metacritic.com/game/dreamcast/disneys-donald-duck-goin-quackers/critic-reviews	metacritic.com
24211734	news.google.com/newspapers?id=nqlvaaaaibaj&pg=6553,6311441	news.google.com
43086286	ifs.org.uk/wps/wp0004.pdf	ifs.org.uk
37225807	patch.com/new-york/halfhollowhills/bank-upgrades-offices-melville	patch.com
46789122	digilander.libero.it/atletica3/stagionali/wrl/1984/mar.htm	digilander.libero.it
41291786	worldcat.org/identities/lccn-nr95045397	worldcat.org
32814424	gbif.org/species/7707380	gbif.org
51295370	publishersweekly.com/9781469629230	publishersweekly.com
51695888	isni.org/isni/0000000122829053	isni.org
8162426	ui.adsabs.harvard.edu/abs/1989gslsp..47..241e	ui.adsabs.harvard.edu
39319554	tcm.com/this-month/article/99252%7c0/cimarron.html	tcm.com
29682402	animenewsnetwork.com/news/2014-01-22/princess-kaguya-wins-at-68th-mainichi-film-awards	animenewsnetwork.com
48848056	al.com/news/mobile/index.ssf/2017/05/rep_bradley_byrne_not_running.html	al.com
43332789	world-soccer.org/p-01515.htm	world-soccer.org
13325209	fauna-eu.org/cdm_dataportal/taxon/8ad43e98-5054-4c3e-80d5-34944e6438f8	fauna-eu.org
39913291	thesundaily.my/news/1322232	thesundaily.my
28316390	rowdiessoccer.com/news/2015/01/29/rowdies-announce-return-of-midfielder-keith-savage	rowdiessoccer.com
38412587	herpetomania.it/pdf%20schede%20acquatiche/terrapene%20carolina.pdf	herpetomania.it
37153098	int.soccerway.com/matches/2019/10/21/egypt/premier-league/harbe/asyouty-sport/3172318	int.soccerway.com
45519817	jstor.org/action/dobasicsearch?query=%22natrampalli+block%22&acc=on&wc=on	jstor.org
9760985	aleph.nkp.cz/f/?con_lng=eng&ccl_term=ica=xx0182016&func=find-c&local_base=aut	aleph.nkp.cz
20198338	uefa.com/competitions/ucl/history/season=2006/round=2357/match=1116331/index.html	uefa.com
49277788	pitchfork.com/levels/the-ones-5-best-new-rap-songs-from-quando-rondo-yung-bans-ygtut-sheff-g-and-octavian	pitchfork.com
35754973	collectionscanada.gc.ca/obj/028020/f2/nlc008388.4693.pdf	collectionscanada.gc.ca
25347718	expressandstar.com/entertainment/wolverhampton-entertainment/2017/09/14/wolverhampton-friends-launch-brewery	expressandstar.com
47623418	ubio.org/browser/details.php?namebankid=4783910	ubio.org
27793272	fivb.org/viewpressrelease.asp?language=en&no=36285	fivb.org
8500469	tistr.or.th/sakaerat/plant%20in%20sakaerat/plant%20list/056%e0%b9%81%e0%b8%94%e0%b8%87.pdf	tistr.or.th
32139355	theguardian.com/politics/blog/live/2017/jul/04/kensington-mp-joins-calls-for-grenfell-tower-inquiry-chair-to-be-replaced-politics-live?page=with:block-595b76dae4b0cddfab35e767#block-595b76dae4b0cddfab35e767	theguardian.com
39275933	imdb.com/name/nm0000447	imdb.com
39591390	guardian.bz/all-sports/2660-san-felipe-barcelona-clip-the-high-flying-defence-force#reg	guardian.bz
41428930	bibliorex.wordpress.com/2010/07/21/review-the-killing-machine-by-jack-vance	bibliorex.wordpress.com
35441732	bbc.com/sport/live/football/45076033	bbc.com
51693938	futureclassicsmusic.nl/index.php?cpath=1&main_page=product_info&products_id=12	futureclassicsmusic.nl
23754855	hockeydb.com/ihdb/stats/pdisplay.php?pid=12218	hockeydb.com
29805393	bramptonguardian.com/community-story/4500135-brampton-ms-walk-brings-heartwarming-stories-of-hope-and-camaraderie	bramptonguardian.com
22869667	nl.newsbank.com/nl-search/we/archives?p_action=search&p_field_direct-0=document_id&p_maxdocs=200&p_perpage=10&p_product=owhb&p_sort=ymd_date:d&p_text_direct-0=12df5302d5ce5620&p_theme=owhb&p_topdoc=1&s_trackval=googlepm	nl.newsbank.com
19860647	sandraforleader.ca	sandraforleader.ca
17589664	chemspider.com/chemical-structure.190760.html	chemspider.com
37530716	eliteprospects.com/player.php?lang=en&player=220830	eliteprospects.com
10432352	worldcat.org/identities/lccn-n2007035186	worldcat.org
18173766	capilanou.ca/about-capu/get-to-know-us/our-campuses	capilanou.ca
11000925	imdb.com/title/tt0153523	imdb.com
18789501	worldcat.org/identities/lccn-n85044526	worldcat.org
18476703	ca.konicaminolta.com/index.html	ca.konicaminolta.com
32798037	foodreference.com/html/fchickentetrazzini.html	foodreference.com
6964598	revolutionaryhistory.co.uk/184-articles/articles-of-rh0803/5654-iv-the-revolution-in-turkey-and-the-balkan-federation	revolutionaryhistory.co.uk
29543979	worldfootball.net/spielbericht/2-bundesliga-2012-2013-tsv-1860-muenchen-fc-ingolstadt-04	worldfootball.net
16282068	census2011.adrianfrith.com/place/164015	census2011.adrianfrith.com
16535734	subwaynut.com/ind/103b/index.php	subwaynut.com
39872917	isni.org/isni/0000000083672902	isni.org
34531804	books.google.bg/books?id=e4pjaaaamaaj	books.google.bg
19798231	legis.state.ak.us/basis/statutes.asp#11.81.300	legis.state.ak.us
35062463	lrain.bandcamp.com/album/fatigue	lrain.bandcamp.com
6952428	minorplanetcenter.net/db_search/show_object?object_id=535386	minorplanetcenter.net
32471765	retrosheet.org/boxesetc/1969/kmaxil1010011969.htm	retrosheet.org
11881044	nla.gov.au/anbd.aut-an35732011	nla.gov.au
8182570	aljazeera.com/news/asia/2007/08/2008525133627997592.html	aljazeera.com
43088159	viaf.org/viaf/273149066604365601988	viaf.org
41461420	music.msn.com/music/album-review/syn/syndestructible	music.msn.com
14136579	zdnet.com/blog/btl/anonymous-leaks-symantecs-norton-anti-virus-source-code/71183	zdnet.com
39149866	viaf.org/viaf/311307480	viaf.org
29243993	news.rthk.hk/rthk/en/component/k2/1569565-20210109.htm	news.rthk.hk
42623411	iaaf.org/athletes/_/134508	iaaf.org
35439149	moe.gov.et/ministers	moe.gov.et
32610126	nytimes.com/1964/01/19/nationalism-is-viewed-as-camouflage-for-redstoll-2000-to-4000.html	nytimes.com
15543075	theplaylist.net/skin-trailer-venice-film-festival-netflix-20180730	theplaylist.net
31801046	smithsonianmag.com/arts-culture/secret-history-girl-detective-180958311/#u5jyvkpvylobzilw.99	smithsonianmag.com
2726100	iloilotoday.com/ilonggo-engineer-to-present-research-on-26th-world-road-congress	iloilotoday.com
258765	jubileebooks.co.uk/jubilee/magazine/authors/deborah_ellis/profile.asp	jubileebooks.co.uk
32362975	minihub.org/siarlist/msg03876.html	minihub.org
48546783	fossilworks.org/bridge.pl?a=taxoninfo&taxon_no=13602	fossilworks.org
31499465	ubio.org/browser/details.php?namebankid=4266929	ubio.org
38841598	riaa.com/gold-platinum/?ar=james+newton+howard&tab_active=default-award&ti=the+hanging+tree+feat.+jennifer+lawrence#search_section	riaa.com
35349692	latimes.com/archives/la-xpm-2008-may-04-tm-vanessa4-story.html	latimes.com
2514984	billboard.com/music/david-ball/chart-history/country-albums-c	billboard.com
22249954	newsable.asianetnews.com/karnataka/this-is-why-bbmps-green-app-gives-us-no-hope	newsable.asianetnews.com
37003413	worldcat.org/identities/lccn-n81102628	worldcat.org
15123073	plantsoftheworldonline.org/taxon/urn:lsid:ipni.org:names:346448-1	plantsoftheworldonline.org
17008835	io9.com/the-book-of-strange-new-things-will-blow-you-away-1675147919	io9.com
40769418	angelfire.com/music2/yourear/mindrage/mindrage.html	angelfire.com
7049777	select.nytimes.com/gst/abstract.html?res=f7061ffa3b5912738dddad0a94dd405b818af1d3	select.nytimes.com
5533461	newindianexpress.com/thesundaystandard/2017/jun/24/govts-cheap-medicine-scheme-falls-sick-1620516.html	newindianexpress.com
43920198	yule.sohu.com/20161207/n475168453.shtml	yule.sohu.com
21843073	sportando.com/en/world/asia/158432/sagesse-parts-ways-with-terrell-stoglin-signs-ashley-hamilton.html	sportando.com
42327663	lexic.us/definition-of/funnest	lexic.us
17063406	latimes.com/archives/la-xpm-1992-09-06-tv-483-story.html	latimes.com
13907378	blabbermouth.net/news/goodbye-to-gravity-bassist-dies-death-toll-from-bucharest-nightclub-fire-now-at-51	blabbermouth.net
31343100	worldcat.org/identities/lccn-n50038956	worldcat.org
18234072	gbif.org/species/2298076	gbif.org
44221845	iep.utm.edu/p/philo.htm	iep.utm.edu
3734847	nhl.com/ice/playerstats.htm?fetchkey=20112vansasall&sort=points&viewname=summary	nhl.com
19900715	espncricinfo.com/ci/engine/match/1157023.html	espncricinfo.com
23282840	books.google.com/?id=lpahrqaacaaj	books.google.com
36028618	eol.org/pages/111456	eol.org
32827606	aeroflot.ru/schedule/schedule	aeroflot.ru
29986160	docs.microsoft.com/en-us/windows-hardware/customize/desktop/unattend/microsoft-windows-ie-internetexplorer-accelerators	docs.microsoft.com
25345527	sbpisb.edu.my	sbpisb.edu.my
29029169	snaccooperative.org/ark:/99166/w6rr9890	snaccooperative.org
21430373	mmafighting.com/2018/2/9/16998304/yoel-romero-misses-weight-cannot-win-title-at-ufc-221	mmafighting.com
7792507	api.semanticscholar.org/corpusid:12903042	api.semanticscholar.org
35327871	thestar.co.uk/sport/football/sheffield-wednesday/sheffield-wednesday-owls-trio-to-sign-new-deals-1-4657633	thestar.co.uk
42141388	twitter.com/bassmaaljandaly/status/1274902876264050688	twitter.com
25547444	laurenaquilina.co.uk	laurenaquilina.co.uk
13958017	api.semanticscholar.org/corpusid:148073684	api.semanticscholar.org
5785511	marinespecies.org/aphia.php?id=476550&p=taxdetails	marinespecies.org
9318656	ssd.jpl.nasa.gov/sbdb.cgi?sstr=318079#content	ssd.jpl.nasa.gov
4132263	nytimes.com/1998/12/24/arts/the-pop-life-seeking-models-who-can-sing.html	nytimes.com
10892257	catalogue.bnf.fr/ark:/12148/cb10301167g	catalogue.bnf.fr
45724987	geohack.toolforge.org/geohack.php?pagename=grade_ii*_listed_buildings_in_daventry_district&params=52.230724009562_n_1.0905332549657_w_region:gb_scale:25000&title=former+weedon+barracks:+inner+west+of+series+of+four+blast+houses+in+magazine+enclosure	geohack.toolforge.org
24048997	id.loc.gov/authorities/names/n78048855	id.loc.gov
41235889	lavozarizona.com/story/entertenimiento/2014/03/06/premios-tv-y-novelas-2014-anuncia-su-lista-de-aspirantes/6126867	lavozarizona.com
13107249	denofgeek.com/tv/mr-robot/37375/mr-robot-interview-sam-esmail-on-hackers-fight-club	denofgeek.com
33776796	bbc.co.uk/sport/football/28646997	bbc.co.uk
1115758	imdb.com/title/tt0622424	imdb.com
47941241	sudd.ch/event.php?id=gu011987&lang=en	sudd.ch
32616921	npr.org/templates/story/story.php?storyid=130401193	npr.org
28231362	floodmagazine.com/25397/breaking-borns	floodmagazine.com
37499734	newspapers.com/clip/22067113	newspapers.com
24835693	belgranoathletic.club/comision-directiva	belgranoathletic.club
33528834	digital.library.wisc.edu/1793/18430	digital.library.wisc.edu
24515845	catalogue.bnf.fr/ark:/12148/cb16605621v	catalogue.bnf.fr
37088245	billboard.com/charts/1966-08-06/hot-100	billboard.com
23220050	usatoday30.usatoday.com/life/books/news/2010-02-04-amazonbooks04_st_n.htm	usatoday30.usatoday.com
13847195	trojmiasto.wyborcza.pl/trojmiasto/7,35612,22621417,ladowanie-na-autopilocie-w-gdansku-bedzie-ils-kat-iii.html?disableredirects=true	trojmiasto.wyborcza.pl
20764842	mmamania.com/2017/7/5/15923644/rico-verhoeven-vs-jamal-ben-saddik-glory-booked-december-netherlands-mma	mmamania.com
46130778	id.worldcat.org/fast/77488	id.worldcat.org
29837134	tweedekamer.nl/kamerleden/alle_kamerleden/gesthuizen_sharon_maria_jacoba_gerarda/index.jsp	tweedekamer.nl
25848376	myplainview.com/news/amp/texas-apme-awards-excellence-in-journalism-8518909.php	myplainview.com
51649661	campvictory.org/about/our-facility	campvictory.org
22190281	wikidata.org/wiki/q1189959#identifiers	wikidata.org
21463887	huffingtonpost.com/mike-krause/denver-disposable-bag-fee_b_3738610.html	huffingtonpost.com
17238306	linkedin.com/in/shannonbex	linkedin.com
41785188	fbschedules.com/michigan-state-football-schedule	fbschedules.com
33952864	wrps11.ca/schools/our-schools/142	wrps11.ca
43153198	ucd.ie/archaeology/staff/barryraftery	ucd.ie
16308670	footballfacts.ru/person/30092-cvetkov-valerij-vladimirovich	footballfacts.ru
48375161	viaf.org/viaf/170348558	viaf.org
38870247	nytimes.com/ 2006/02/24/sports/olympics/24skate.html	nytimes.com
11611957	classicbackissues.australasianscience.com.au/bi2009/306toad.pdf	classicbackissues.australasianscience.com.au
27751276	screenrant.com/never-give-up-review	screenrant.com
48920618	catalogo.bne.es/uhtbin/authoritybrowse.cgi?action=display&authority_id=xx1551968	catalogo.bne.es
237867	stats.espncricinfo.com/ci/engine/records/averages/bowling.html?class=10;id=4548;type=team	stats.espncricinfo.com
18379554	skysports.com/netball/news/12415/11928207/suncorp-super-netball-jo-harten-proud-to-be-named-giants-captain	skysports.com
10980028	americanarchive.org/catalog/cpb-aacip-151-6w9668989m	americanarchive.org
10185540	englandrugby.com/fixtures-and-results/competitions/south-west-division/2012-2013/group/16287	englandrugby.com
27394634	viaf.org/viaf/305347843	viaf.org
36534630	worldsalsasummit.com/index.html	worldsalsasummit.com
31984359	timetravel.mementoweb.org/memento/20201231/https:/www.olympic.org/lemoine-spencer-case	timetravel.mementoweb.org
24440629	fifa.com/worldcup/matches/round=249722/match=300061484/report.html	fifa.com
11447916	telegraph.co.uk/culture/books/bookreviews/8523762/there-but-for-the-by-ali-smith-review.html	telegraph.co.uk
24097879	hmv.com.sg/product.php?sku=622266	hmv.com.sg
45404130	clusterresources.com/products/torque/docs10/a.hlicense.txt	clusterresources.com
14309980	welhat.gov.uk/chttphandler.ashx?id=5024&p=0	welhat.gov.uk
15595696	news.xkb.com.cn/guangzhou/2010/1109/101117.html	news.xkb.com.cn
12453370	goodreads.com/book/show/25484062-ma-ina-destinului	goodreads.com
46374219	bonnenouvelle.ch/20081112785/breves/les-francais-erigent-une-statue-de-calvin.html	bonnenouvelle.ch
31298185	news.xbox.com/2013/04/games-halo-4-smartglass-tutorial	news.xbox.com
26018180	deutsche-biographie.de/ppn117749540.html	deutsche-biographie.de
44174105	allmusic.com/album/mw0000982691	allmusic.com
3046503	worldcat.org/identities/lccn-n83231446	worldcat.org
48733917	anninhthudo.vn/an-ninh-doi-song/bi-kich-nguoi-dep-aids/319368.antde1%ef%bf%bd%ef%bf%bdn_nhi	anninhthudo.vn
40353949	cnn.com/2015/01/27/opinion/obeidallah-american-sniper	cnn.com
45791393	nla.gov.au/anbd.aut-an36534061	nla.gov.au
11782629	stuff.co.nz/business/industries/9549114/remants-of-empire-fade-away	stuff.co.nz
49116702	apiv3.iucnredlist.org/api/v3/taxonredirect/36618	apiv3.iucnredlist.org
30016257	allmusic.com/artist/johnny-hartman-p84859/biography	allmusic.com
41416969	worldcat.org/identities/lccn-no2019014550	worldcat.org
39519088	french-nuclear-safety.fr/index.php/english-version/news-releases/2012/press-release-3-information-on-penly-npp-event	french-nuclear-safety.fr
49744998	historyofparliamentonline.org/volume/1690-1715/member/yorke-thomas-1658-1716	historyofparliamentonline.org
42423926	id.loc.gov/authorities/subjects/sh2001009619	id.loc.gov
3790496	wikidata.org/wiki/q7177207#identifiers	wikidata.org
10722253	worldcat.org/identities/lccn-no92004593	worldcat.org
51280933	d-nb.info/gnd/124721036	d-nb.info
44556459	catalogue.bnf.fr/ark:/12148/cb121798473	catalogue.bnf.fr
33507362	worldcat.org/identities/lccn-no2009094756	worldcat.org
48372946	allmusic.com/song/street-hassle-mt0030481795	allmusic.com
40179064	s3.amazonaws.com/sidearm.sites/utahutes.com/documents/2019/1/26/2019mediaguide_web.pdf	s3.amazonaws.com
37963876	webarchive.loc.gov/all/20150108023629/http:/www.catholicnews.com/data/stories/cns/1404872.htm	webarchive.loc.gov
22677095	news.google.com/newspapers?dat=19761025&id=b-ixaaaaibaj&nid=1946&pg=3747,2489940&sjid=4kefaaaaibaj	news.google.com
34166917	nice.org.uk/guidance/cg173	nice.org.uk
34628028	racdyn.com/ic_01.cfm?ic=1428558630	racdyn.com
45919550	owgr.com/en/ranking/playerprofile.aspx?playerid=7708	owgr.com
13928538	viaf.org/viaf/132729713	viaf.org
31313275	72armycadets.com	72armycadets.com
19364706	ncbi.nlm.nih.gov/taxonomy/browser/wwwtax.cgi?id=2004432&mode=info	ncbi.nlm.nih.gov
23611462	obec-chlumcany.cz	obec-chlumcany.cz
10946687	structurae.net/structures/data/index.cfm?id=20006887	structurae.net
17443918	foxsports.com.au/afl/how-travis-boaks-2012-show-of-loyalty-defines-his-port-adelaide-legacy-ahead-of-game-250/news-story/d25662bf388e93c00742ab9dd226527b?nk=ca462107c097a2179546aff5f629d4ef-1557638250	foxsports.com.au
9024628	foxnews.com/story/0,2933,241534,00.html	foxnews.com
23257582	facebook.com/groups/111795415601449	facebook.com
27297804	bernama.com/bernama/v5/newsgeneral.php?id=389651	bernama.com
25500944	foxnews.com/story/0,2933,235842,00.html	foxnews.com
14297688	leginfo.ca.gov/pub/09-10/bill/sen/sb_0901-0950/sb_944_vote_20100616_000002_asm_comm.html	leginfo.ca.gov
4898249	aka1908.com/uac/undergraduate-about/former-international-presidents	aka1908.com
43761926	worldcat.org/identities/lccn-n98059802	worldcat.org
49994679	news.google.com/newspapers?id=khpiaaaaibaj&pg=1134,4648751&sjid=khcnaaaaibaj	news.google.com
1203991	trove.nla.gov.au/work/12513477	trove.nla.gov.au
1929024	books.google.com/?id=aiqnaqaamaaj	books.google.com
39748490	translate.google.com/translate?&hl=en&prev=_t&sl=et&tl=en&u=https://et.wikipedia.org/wiki/liivimaa+kubermang	translate.google.com
41649706	id.loc.gov/authorities/names/no2001040525	id.loc.gov
20690320	minorplanetcenter.net/db_search/show_object?object_id=182313	minorplanetcenter.net
28837165	bbc.co.uk/sport/0/football/22556309	bbc.co.uk
18067242	id.worldcat.org/fast/119604	id.worldcat.org
42454220	data.bnf.fr/ark:/12148/cb145331215	data.bnf.fr
40807816	gov.mb.ca/legislature/members/mla_bio_deceased.html#d0	gov.mb.ca
51113781	businessweek.com/news/2010-11-02/oracle-to-buy-art-technology-group-for-1-billion.html	businessweek.com
39885142	synaxarion.gr/gr/sid/3461/sxsaintinfo.aspx	synaxarion.gr
8644839	youtube.com/watch?v=mfccmmtmtbu	youtube.com
1068029	d-nb.info/gnd/14330044x	d-nb.info
24364307	minorplanetcenter.net/db_search/show_object?object_id=395058	minorplanetcenter.net
22782512	upton.house.gov/news/documentsingle.aspx?documentid=399139	upton.house.gov
22853158	tvlistings.zap2it.com/tv/the-haves-and-the-have-nots/cast/ep01715710?aid=zap2it	tvlistings.zap2it.com
39168632	gupmagazine.com/articles/man-in-the-high-castle	gupmagazine.com
13088896	ui.adsabs.harvard.edu/abs/1999a&a...348.1040d	ui.adsabs.harvard.edu
39992189	duma.ru	duma.ru
5771139	eol.org/pages/10647857	eol.org
24820070	popkiller.pl/2014-12-16,zbuku-ft-kajman-bezczel-chada-ja-i-moje-ziomki-teledysk	popkiller.pl
26384071	books.google.com/?id=uyjsvjuj79cc	books.google.com
7512316	id.worldcat.org/fast/1850423	id.worldcat.org
44348952	ssd.jpl.nasa.gov/sbdb.cgi?sstr=497400#content	ssd.jpl.nasa.gov
33052899	snaccooperative.org/ark:/99166/w6x195kn	snaccooperative.org
14799982	nyshistoricnewspapers.org/lccn/sn89071100/1894-01-25/ed-1/seq-2	nyshistoricnewspapers.org
27814347	kplctv.com/global/story.asp?s=5158140&nav=0nqx	kplctv.com
22617070	paul.rutgers.edu/~mcgrew/wwii/usaf/html/dday.html	paul.rutgers.edu
39304169	thisamericanlife.org/s/175	thisamericanlife.org
25199573	law.cornell.edu/uscode/text/47/chapter-5/subchapter-v-a/part-ii	law.cornell.edu
12371369	newspapers.com/clip/30932840	newspapers.com
41274640	u.arizona.edu/~cashcash/timnakni_timat.pdf	u.arizona.edu
9992863	comunabenesat.ro	comunabenesat.ro
12361853	complex.com/music/2019/03/nav-says-dj-drama-don-cannon-refused-to-clear-lil-uzi-vert-verse-on-new-album	complex.com
26432363	spglobal.com/marketintelligence/en/news-insights/blog/covid-19-impact-will-shrink-number-of-new-us-smart-city-projects	spglobal.com
18859969	games.ign.com/articles/121/1219982p3.html	games.ign.com
46121685	independent.co.uk/arts-entertainment/music/reviews/paul-mccartney-3-review-john-lennon-beatles-b1774986.html	independent.co.uk
1359950	jstor.org/action/dobasicsearch?query=%22yves+censi%22&acc=on&wc=on	jstor.org
9963897	lcb.uoregon.edu/app_aspx/lcblillis.aspx	lcb.uoregon.edu
8438611	espncricinfo.com/series/18522/game/1163334/pakhtoons-vs-northern-warriors-final-t10-league-2018-19	espncricinfo.com
41015115	qldc.govt.nz/press_releases/page/33/article/66	qldc.govt.nz
16125673	itis.gov/servlet/singlerpt/singlerpt?search_topic=tsn&search_value=872267	itis.gov
42466291	gd.eppo.int/taxon/prwgr	gd.eppo.int
28831879	stacks.iop.org/1742-6596/308/i=1/a=012029	stacks.iop.org
26246736	youtube.com/watch?v=kv2xziue0do	youtube.com
33340453	atptour.com/en/news/tsitsipas-cuevas-estoril-2019-final	atptour.com
38869520	gracesguide.co.uk/wilfred_bayley_pirie	gracesguide.co.uk
34386121	thejakartapost.com/weekender/6reporter.asp	thejakartapost.com
20000932	inquirer.net/specialreports/inquirerpolitics/view.php?article=20061220-39384&db=1	inquirer.net
27090106	oprahmag.com/entertainment/a28480310/sam-heughan-outlander-graham-mctavish-podcast	oprahmag.com
39867392	gbif.org/species/5999430	gbif.org
14915442	newspapers.com/clip/5616402	newspapers.com
20429182	eafa.org.uk/catalogue/154427	eafa.org.uk
1830106	books.google.com/?id=iejkaaaamaaj	books.google.com
46841860	id.loc.gov/authorities/names/n85808761	id.loc.gov
37452952	id.loc.gov/authorities/names/n88278745	id.loc.gov
39602998	schumannzwickau.de/en/rsw_piano_singers_winner.asp	schumannzwickau.de
13427921	ubs.com/content/dam/internethosting/us_library/en/closed_end/hyf/annual.pdf	ubs.com
7227460	espncricinfo.com/bangladesh-premier-league-2012/engine/match/551059.html	espncricinfo.com
17671495	snaccooperative.org/ark:/99166/w6737w9g	snaccooperative.org
30719532	elections.org.za/content/for-voters/special-votes/&date=2014-05-07	elections.org.za
26191559	geohack.toolforge.org/geohack.php?pagename=ringstead_downs&params=52.93077237313_n_0.51440722861898_e_region:gb	geohack.toolforge.org
4846864	catalogue.bnf.fr/ark:/12148/cb12299201q	catalogue.bnf.fr
37469944	culture.gov.uk/reference_library/media_releases/2884.aspx	culture.gov.uk
29826221	jn.nutrition.org/content/133/11/3992s.long	jn.nutrition.org
4507132	scopus.com/sources?field=issn&ishiddenfield=false&issn=0021-9355&sortdirection=desc&sortfield=citescore	scopus.com
31021996	dcstamps.com/?p=1296	dcstamps.com
18027564	swanseaconservatives.org/person/councillor-ren%c3%a9-kinzett	swanseaconservatives.org
28692695	stadiumguide.com/gradskivrt	stadiumguide.com
50048322	plantsoftheworldonline.org/taxon/urn:lsid:ipni.org:names:3642-1	plantsoftheworldonline.org
13682618	fashionnstyle.com/articles/28324/20141020/hardwell-new-song-2014-spaceman-dj-releases-music-video-young-again-hits-number-1-in-dj-mag-top-100-list-before-debut-album.htm	fashionnstyle.com
47617267	salon.com/2019/06/19/joe-biden-to-rich-donors-nothing-would-fundamentally-change-if-hes-elected	salon.com
10995663	faculty.uml.edu/ahillier/steampunk.htm	faculty.uml.edu
22237487	go-whippet.co.uk/latest-news/news	go-whippet.co.uk
21325959	newedenbiotech.co.uk/directorsprofiles.html	newedenbiotech.co.uk
40309967	news.google.com/newspapers?dat=19721023&id=lh9qaaaaibaj&nid=1368&pg=4486,2490448&sjid=wheeaaaaibaj	news.google.com
45380468	books.google.com/?id=hhmnaqaamaaj	books.google.com
17242962	viaf.org/viaf/66053182	viaf.org
4547077	archive.org/details/worldwidewifitec0000tant	archive.org
29496480	fold3.com/page/1893870_electa_s_johnson	fold3.com
31969607	eol.org/pages/915853	eol.org
50059865	cec.ro/en/about-cec-bank/history/continuation.aspx	cec.ro
46366799	nla.gov.au/anbd.aut-an35021792	nla.gov.au
6004570	twitter.com/exetercouncil/status/596691968903774209	twitter.com
32738946	articles.philly.com/2011-09-06/news/30118870_1_small-schools-new-district-administration-promise-academy	articles.philly.com
21870973	legaseriea.it/en/serie-a/match-report/2018-19/unico/uni/8/lazfio	legaseriea.it
23334703	discogs.com/master/233098	discogs.com
14093693	huffingtonpost.in/2015/01/24/amish-tripathi-next-book_n_6536408.html	huffingtonpost.in
7443343	geopedia.si/?params=t105_l7387_f200#t105_f7387%3a390_x414113.992332639_y84554.8905927468_s14_b4	geopedia.si
32462517	urbanrail.net/eu/es/soller/soller.htm	urbanrail.net
25199352	articles.chicagotribune.com/2005-02-25/news/0502250212_1_nigel-benn-bout-fight-against-british-champion	articles.chicagotribune.com
2677391	eunis.eea.europa.eu/species/91831	eunis.eea.europa.eu
39547686	business.simon.com/leasing/lee	business.simon.com
26452352	unithistories.com/officers/army_officers_e01.html#essame_h	unithistories.com
31118684	ssd.jpl.nasa.gov/sbdb.cgi?sstr=67913#content	ssd.jpl.nasa.gov
7152072	abcnews.go.com/sports/secrets-iconic-york-mets-home-run-apple-revealed/story?id=41954562	abcnews.go.com
51135964	mlbtraderumors.com/2011/06/indians-release-adam-everett-.html	mlbtraderumors.com
29651773	ultraviewdirectory.com/sports/pan-arab-games-football.php	ultraviewdirectory.com
37169949	opac.vatlib.it/auth/detail/495_279570	opac.vatlib.it
22390318	htc.com/us/support/htc-inspire-4g-att/software-updates	htc.com
50095412	oprhp.state.ny.us/hpimaging/hp_view.asp?groupview=101622	oprhp.state.ny.us
17642201	projecteuclid.org/euclid.bams/1183497412	projecteuclid.org
11036271	biobankinguk.org/biobanks-a-z	biobankinguk.org
28834372	wikidata.org/wiki/q20520#identifiers	wikidata.org
4632345	trainweb.org/rahwayvalley/history_chapter2.htm	trainweb.org
22494850	jstor.org/action/dobasicsearch?query=%22list+of+awards+and+nominations+received+by+m.i.a.%22&acc=on&wc=on	jstor.org
35726324	brickfieldspark.org/data/nightshadedeadly.htm	brickfieldspark.org
41808713	worldcat.org/identities/lccn-no96037637	worldcat.org
7656414	youtube.com/watch?v=57lvgi98hge	youtube.com
31534612	pc.gamespy.com/pc/beyond-good-evil/6461p1.html	pc.gamespy.com
49661059	youtube.com/watch?v=wsvwchkezrg	youtube.com
37213720	worldaerodata.com/wad.cgi?airport=edrk	worldaerodata.com
39415798	media.allstate.com/categories/7-news-releases/releases/4421-allstate-appoints-desir-e	media.allstate.com
40060330	fu-berlin.de/presse/publikationen/fundiert/2006_02/06_02_boettcher/index.html	fu-berlin.de
49635708	base64.sourceforge.net	base64.sourceforge.net
28476714	timesofindia.indiatimes.com/sports/golf/top-stories/potter-beats-kelly-in-playoff-to-win-greenbrier-classic/articleshow/14759245.cms	timesofindia.indiatimes.com
1472289	intel.com/inside/smarttv	intel.com
14056466	ohmitetudo.co.jp/railway/eki/sinyokaichi.html	ohmitetudo.co.jp
4251792	fws.gov/refuge/valentine/about.html	fws.gov
19061317	florabase.dpaw.wa.gov.au/browse/profile/21317	florabase.dpaw.wa.gov.au
45807476	isuresults.com/bios/isufs_cr_00014450.htm	isuresults.com
48208557	books.google.com/?id=w-beotj0axoc	books.google.com
35227595	books.google.com/?id=wtg-aaaayaaj	books.google.com
12129661	washingtontimes.com/news/2016/may/5/ron-paul-staffers-jesse-benton-john-tate-dimitrios	washingtontimes.com
49128070	the42.ie/meet-irelands-olympic-team-sara-treacy-2886953-jul2016	the42.ie
5371306	getty.edu/vow/ulanfulldisplay?find=&nation=&role=&subjectid=500223861	getty.edu
1053943	id.loc.gov/authorities/subjects/sh98001340	id.loc.gov
32981636	billboard.com/music/il-volo/chart-history/lpp	billboard.com
11705685	conceptcarz.com/vehicle/z13396/tvr-griffith-200.aspx	conceptcarz.com
5901485	mvep.hr/hr/predstavnistva/dmkurh-u-svijetu/angola-lisabon,207.html#p	mvep.hr
13393574	musicbrainz.org/artist/fd02b7ec-1e45-439e-a28b-09215bdc03cb	musicbrainz.org
39894851	hotelierindia.com/article-8461-hafele_india_lighting_the_way	hotelierindia.com
13254369	imdb.com/title/tt0130295	imdb.com
17735606	doi.org/10.1016/0304-4181(76)90021-x	doi.org
19106248	nba.com/jazz/news/jazz-signs-free-agent-toure-murry	nba.com
6890607	whartonmagazine.com/issues/winter-2015/hungry-for-a-sweeter-workplace	whartonmagazine.com
49620803	thaiembassylima.com	thaiembassylima.com
49851182	milb.com/milb/news/luis-urias-homers-as-part-of-three-hit-day-for-el-paso-chihuahuas/c-271792174	milb.com
50749041	eol.org/pages/313918	eol.org
12399083	psycholecemu.com/discography	psycholecemu.com
41252188	minorplanetcenter.net/db_search/show_object?object_id=234409	minorplanetcenter.net
18820015	ensembl.org/mus_musculus/geneview?gene=ensmusg00000061462;db=core	ensembl.org
44292996	viaf.org/viaf/416145858118223022160	viaf.org
20056103	worldcat.org/identities/lccn-no2017163455	worldcat.org
34011708	worldcat.org/identities/lccn-n85805104	worldcat.org
23994099	maps.google.com/maps/ms?hl=en&ie=utf8&ll=10.768429,76.658564&msa=0&msid=114038809751246788218.000446f3003c119a1bdc6&spn=0.013091,0.01869&t=k&z=16	maps.google.com
7698857	tissottiming.com/file/00031101000104ffffffffffffffff04	tissottiming.com
47940538	data.bnf.fr/ark:/12148/cb15116994b	data.bnf.fr
42449381	cbc.ca/marketplace/episodes/2008/02/packing-the-deal.html	cbc.ca
29909355	repertoire.bmi.com/catalog.aspx?detail=writerid&fromrow=1&keyid=946173&page=1&subid=0&torow=25	repertoire.bmi.com
10070660	scottsery.com/uncategorized/tsu-co-closes	scottsery.com
26285074	bugguide.net/node/view/604071	bugguide.net
20541050	minorplanetcenter.net/db_search/show_object?object_id=2003+sv453	minorplanetcenter.net
2020026	goldbook.iupac.org/s05962.html	goldbook.iupac.org
44169049	sunnysidechristianschool.org/highschool.cfm	sunnysidechristianschool.org
34277014	ncbi.nlm.nih.gov/entrez/viewer.fcgi?val=np_775265	ncbi.nlm.nih.gov
30535469	portaldecinema.com.br/filmes/xuxa_em_sonho_de_menina.html	portaldecinema.com.br
17180674	scully.cfa.harvard.edu/cgi-bin/returnprepeph.cgi?d=c&o=0040p	scully.cfa.harvard.edu
1494333	dailytelegraph.com.au/news/zali-steggalls-heart-on-ice/story-e6frewz9-1111113685631	dailytelegraph.com.au
13100685	bbc.co.uk/blogs/strictlycomedancing/entries/4e69cd0b-531a-4b3a-9f52-a6c070d9e32c	bbc.co.uk
34594805	d-nb.info/gnd/117625558	d-nb.info
30063657	e-periodica.ch/digbib/view?pid=chl-001:2014:0::31#31	e-periodica.ch
1239107	warnerbros.com/everything-illuminated	warnerbros.com
45340658	nscl.play-cricket.com/leaguetables/competitions.asp	nscl.play-cricket.com
23037150	nytimes.com/1996/08/09/us/as-sugar-fades-hawaii-seeks-a-new-cash-crop.html	nytimes.com
27988173	setur.fo	setur.fo
3941208	foodsafetynews.com/2016/06/maytag-dairy-taking-months-to-clean-up-listeria-problem	foodsafetynews.com
48513402	eecs.berkeley.edu/~hu/chenming-hu_ch8.pdf	eecs.berkeley.edu
1419080	hiphopdx.com/index/editorials/id.2802/title.fetty-waps-california-adventure	hiphopdx.com
21339418	bwf.tournamentsoftware.com/sport/match.aspx?id=27a21f55-cad5-4cf4-a60f-a7e06e0deaad&match=209	bwf.tournamentsoftware.com
43014498	appalachiantrail.org/explore/explore-by-state/new-hampshire	appalachiantrail.org
12873166	muse.jhu.edu/content/crossref/journals/technology_and_culture/v040/40.4kinney.html	muse.jhu.edu
21860110	teradyne.com/corp/history.html	teradyne.com
36156008	thelineofbestfit.com/reviews/albums/toro-y-moi-boo-boo	thelineofbestfit.com
35967179	itu.int/en/osg/speechesdsg/presentation%20globalizing%20trend%20china%20mobile%20internet.ppt	itu.int
5306647	tuba.gov.tr/tr/haberler/akademiden-haberler/tuba-2018-ustun-basarili-genc-bilim-insani-ve-bilimsel-eser-odulleri-aciklandi	tuba.gov.tr
51623620	twitter.com/egoraptor/status/1243280342175207424	twitter.com
21427782	trove.nla.gov.au/work/6809776	trove.nla.gov.au
2487564	businessinsider.com/best-new-apple-watch-apps-i-should-download-first-2015-4	businessinsider.com
7605472	skyscraperpage.com/diagrams/?buildingid=3591	skyscraperpage.com
51550912	viaf.org/viaf/50715192	viaf.org
20499418	stonewall.org.uk/at_school/education_for_all/secondary_schools/homophobic_bullying/default.asp	stonewall.org.uk
49855359	hls-dhs-dss.ch/textes/d/d2684.php	hls-dhs-dss.ch
28701127	gbif.org/species/2423554	gbif.org
46400209	sports.yahoo.com/tamu/football/recruiting/player-johnny-manziel-89597	sports.yahoo.com
33005702	sanmarcousa.wordpress.com/2011/01/06/eternal-homes-in-new-orleans-historic-cemeteries-the-tombs-echo-trends-in-architecture	sanmarcousa.wordpress.com
19940170	books.google.com.au/books?hl=en&id=8mbeoqeacaaj&newbks=0&redir_esc=y	books.google.com.au
12986110	ssd.jpl.nasa.gov/sbdb.cgi?sstr=244097#content	ssd.jpl.nasa.gov
14732445	atlas.thc.state.tx.us/details/5477008340	atlas.thc.state.tx.us
47308120	boldsystems.org/index.php/taxbrowser_taxonpage?taxid=165958	boldsystems.org
23224009	mindef.gob.pe/vercontenido.php?archivo=menu/historicos/himno.htm&retorno=si	mindef.gob.pe
14856941	goyotes.com/news/2016/11/13/womens-basketball-coyotes-christen-sanford-coyote-sports-center-with-a-victory.aspx	goyotes.com
37916500	d-nb.info/gnd/ 4300784-3	d-nb.info
28085768	merriam-webster.com/dictionary/webinar	merriam-webster.com
46274293	thewrap.com/all-that-reboot-gets-13-more-episodes-from-nickelodeon	thewrap.com
42954581	wikidata.org/wiki/q1303613#identifiers	wikidata.org
458826	aa.com/travelinformation/flights/schedule	aa.com
27874426	worldcat.org/identities/lccn-n50046267	worldcat.org
43279876	indianexpress.com/article/india/india-others/claim-to-be-juvenile-to-escape-law-let-tells-its-cadre	indianexpress.com
24434999	rcsb.org/structure/4nky	rcsb.org
50506437	varvar.ru/arhiv/gallery/russian/vasilyev	varvar.ru
46840387	cfbocq.be	cfbocq.be
7214931	nfl.com/liveupdate/gamecenter/28849/nyg_gamebook.pdf	nfl.com
2331465	olympics.com/en/athletes/evgeny-arkhipov	olympics.com
1916638	gbif.org/species/6511804	gbif.org
19315830	paperspast.natlib.govt.nz/cgi-bin/paperspast?a=d&d=wc19100617.2.45	paperspast.natlib.govt.nz
46830971	foodland.com/our-stores/our-stores/r-field-wine-company	foodland.com
42779298	leparisien.fr/culture-loisirs/cinema/la-princesse-des-glaces-combat-de-reines-13-02-2018-7557648.php	leparisien.fr
16472540	gbif.org/species/5117084	gbif.org
8520063	prettyeccentric.co.uk	prettyeccentric.co.uk
21453300	interfax.com/3/459460/news.aspx	interfax.com
15230262	worldcat.org/identities/viaf-165588098	worldcat.org
36181180	ncb         i.nlm.nih.gov	ncbi.nlm.nih.gov
49014563	cricketarchive.com/archive/events/4/womens_national_cricket_league_2000-01.html	cricketarchive.com
9377854	rainhillhighschool.com/index.php?itemid=8&id=7&option=com_content&task=view	rainhillhighschool.com
50049884	canadianart.ca/must-sees/trevor-gould	canadianart.ca
24485518	cdn.aria.com.au/pdfs/0bfea3308c3e04c78f3174820216465bcf8910277904e7a2a6ed3fe12f04e799/aria%20singles%20chart.pdf?seq=33	cdn.aria.com.au
45232716	id.loc. gov/authorities/names/n90609243	id.loc.gov
5315221	journals.hil.unb.ca/index.php/ag/article/view/5933	journals.hil.unb.ca
7962534	israel21c.org/bin/en.jsp?endispwhat=object&endispwho=articles%5el2303&endisplay=view&enpage=blankpage&enversion=0&enzone=technology	israel21c.org
41873034	rmc.library.cornell.edu/medievalbook/pics/570pixw/george_burns.jpg	rmc.library.cornell.edu
21419140	schools.nyc.gov/schools/q440	schools.nyc.gov
25465379	theguardian.com/world/2010/oct/11/linda-norgrove-rescue-operation	theguardian.com
40739203	ui.adsabs.harvard.edu/abs/2008georl..3523206k	ui.adsabs.harvard.edu
41095623	hollywoodreporter.com/heat-vision/alfre-woodard-joins-dreamworks-haunted-915821	hollywoodreporter.com
993806	isni.org/isni/0000000013637300	isni.org
44845211	churtonparkinfo.co.nz	churtonparkinfo.co.nz
43413541	nytimes.com/2019/05/07/opinion/data-privacy.html	nytimes.com
45431134	nostressnetlabel.net/nn_ep007_10_11.html	nostressnetlabel.net
18939726	nifs.no/kampfakta.php?kamp_id=1525412&lag1=155&lag2=1332&land=1&t=14&u=677977	nifs.no
12536507	chroniclingamerica.loc.gov/lccn/sn83045462/1918-08-23/ed-1/seq-1	chroniclingamerica.loc.gov
2797602	wikidata.org/wiki/q1471515   #p536	wikidata.org
49789453	prnewswire.com/news-releases/teamhealth-acquires-anesthesia-associates-of-cincinnati-and-pain-management-associates-300315508.html	prnewswire.com
25394990	reference.bahai.org/en/t/se/mbw/mbw-31.html.iso8859-1#gr4	reference.bahai.org
17476851	books.google.com/?id=1e-gdwaaqbaj	books.google.com
21740688	data.j-league.or.jp/sfix04/?player_id=10397	data.j-league.or.jp
18886308	nytimes.com/2011/02/03/books/03book.html	nytimes.com
27605174	cbc.ca/news/canada/story/2013/06/04/richmond-hill-4.html	cbc.ca
46728252	theverge.com/2021/1/12/22226760/gm-cadillac-celestiq-electric-luxury-tease-ces-2021	theverge.com
30718917	citycountdown.com/index.php/2019/05/30/mama-mia-the-party	citycountdown.com
19097286	itftennis.com/procircuit/tournaments/women's-tournament/info.aspx?event=&tournamentid=1100017373	itftennis.com
16075672	portnews.com.au/story/1878728/haylea-petrie-ports-softball-hall-of-famer	portnews.com.au
19436234	wizards.com/default.asp?x=mtgcom/arcana/1608	wizards.com
23978148	chemapps.stolaf.edu/jmol/jmol.php?model=ccoc1c=cc2=cc=cc=c2n1c(=o)occ	chemapps.stolaf.edu
14483479	sonomacounty.ca.gov/board-of-supervisors/supervisor-shirlee-zane-third-district	sonomacounty.ca.gov
30857022	dhr.virginia.gov/registers/cities/norfolk/122-0082_old_norfolk_city_hall_1981_final_nomination.pdf	dhr.virginia.gov
49451668	dailymotion.com/video/x6g2wrd	dailymotion.com
21140980	data.bnf.fr/ark:/12148/cb134744928	data.bnf.fr
28232886	charbonneau.ucalgary.ca	charbonneau.ucalgary.ca
24749252	ssd.jpl.nasa.gov/sbdb.cgi?sstr=191241#content	ssd.jpl.nasa.gov
27653565	chinesemov.com/actors/carl%20ng.html	chinesemov.com
34582081	bowdoin.edu/news/archives/1bowdoincampus/005262.shtml	bowdoin.edu
34819306	media.wix.com/ugd/22932d_54142ff9a6b243598709a6af594a00b3.pdf	media.wix.com
42294379	ligue1.com/joueur/gauclin-guillaume	ligue1.com
4868108	irmng.org/aphia.php?id=1348741&p=taxdetails	irmng.org
29559271	id.loc.gov/authorities/names/n79056348	id.loc.gov
40562264	kg.ac.rs/vest.php?vest_je=2032	kg.ac.rs
42994399	iht.com/bin/print.php?id=3418613	iht.com
10216292	int.soccerway.com/players/arber-abilaliaj/41088	int.soccerway.com
27705015	marinespecies.org/aphia.php?id=1010806&p=taxdetails	marinespecies.org
26857404	youtube.com/watch?v=4zpdd339lao	youtube.com
11651857	sports-reference.com/olympics/athletes/mu/lyubov-mukhachova-1.html	sports-reference.com
2263689	jstor.org/action/dobasicsearch?query=%22great+white+death%22+album&acc=on&wc=on	jstor.org
3785567	data.fs.usda.gov/geodata/rastergateway/data/46122/fstopo/461512207_spirit_lake_west_fstopo.pdf	data.fs.usda.gov
45853502	newsminer.com/news/2009/may/05/april-fairbanks-driest-month	newsminer.com
2087997	data.bnf.fr/ark:/12148/cb138920129	data.bnf.fr
3853388	gbif.org/species/7057	gbif.org
43332005	wikidata.org/wiki/q7608874#identifiers	wikidata.org
40342622	yahoo.com/entertainment/meet-darcey-silvas-man-darcey-221847511.html	yahoo.com
28607574	bowlsaustralia.com.au/about-ba/honour-roll	bowlsaustralia.com.au
46216311	worldcat.org/identities/lccn-n82241835	worldcat.org
19023744	jstor.org/action/dobasicsearch?query=%22henan+provincial+stadium%22&acc=on&wc=on	jstor.org
49509305	philatlas.com/luzon/r04a/batangas/san-juan.html	philatlas.com
49068963	groklaw.net/article.php?query=val+noorda&story=2005031202422897	groklaw.net
23770043	complex.com/music/2020/07/jhene-aiko-chilombo-deluxe-album-stream	complex.com
5733979	ipni.org/ipni/advauthorsearch.do?find_abbreviation=magne	ipni.org
46583614	austriancharts.at/showitem.asp?cat=a&interpret=neil+young&titel=roxy+-+tonight's+the+night+live	austriancharts.at
4061688	yoursportsedge.com/2019/02/27/kentucky-basketball-legend-ed-beck-reflects-on-his-time-as-a-wildcat-ukuk	yoursportsedge.com
2881655	ainonline.com/airshow-convention-news/dubai-air-show/single-publication-story/browse/0/article/iran-struggles-to-field-a-fighter/?no_cache=1&tx_ttnews[mode]=1	ainonline.com
22550273	aaas.org/person/quincy-brown	aaas.org
39722987	mhs.mb.ca/docs/mb_history/50/silentfilmstar.shtml	mhs.mb.ca
31064245	pbs.org/newshour/rundown/you-may-say-hes-a-dreamer-john-lennons-immigration-case	pbs.org
37626234	omroep.nl/nps/bommel	omroep.nl
42874336	parliament.sa.gov.au/internet/desktopmodules/memberdrill.aspx?pid=4335	parliament.sa.gov.au
39950586	apiv3.iucnredlist.org/api/v3/taxonredirect/178988	apiv3.iucnredlist.org
31583117	mediotiempo.com/jugador/futbol/rodolfo-richardson-smith	mediotiempo.com
27428537	gd.eppo.int/taxon/schsin	gd.eppo.int
41719857	pcenginefx.com/pc-fx/html/pc-fx_world_-_game_overviews_-28.html	pcenginefx.com
17596987	digital.di.se/artikel/spotify-koper-svenska-musikbolaget-soundtrap	digital.di.se
43756730	news.google.com/newspapers?id=06yaaaaaibaj&pg=4237,1750850&sjid=ri4eaaaaibaj	news.google.com
49969901	aleph.nkp.cz/f/?con_lng=eng&ccl_term=ica=ola2008452266&func=find-c&local_base=aut	aleph.nkp.cz
675882	romaniajournal.ro/romanians-can-travel-to-japan-for-up-to-90-days-without-visa	romaniajournal.ro
28658405	telegraph.co.uk/gardening/chelseaflowershow/11614605/chelsea-flower-show-2015-the-winners-in-full.html	telegraph.co.uk
30505037	dn.pt/desporto/comentario-uniao-da-madeira-e-vitoria-de-setubal-anulam-se-na-madeira-5108599.html	dn.pt
21629881	viaf.org/viaf/147982075	viaf.org
10528795	atvidabergsff.se/news.asp?newsid=46491&teamid=1659	atvidabergsff.se
2737535	cerious.com	cerious.com
6256083	musicbrainz.org/artist/f809c988-8e70-4df9-a873-b89d750e396f	musicbrainz.org
20520126	novosti.rs/vesti/naslovna/reportaze/aktuelno.293.html:737223-zoran-simovic-i-danas-sanjam-da-branim	novosti.rs
9044487	wsfa.com/story/23924462/aums-coach-larry-chapman-to-retire-at-seasons-end	wsfa.com
4939756	telegraph.co.uk/news/uknews/crime/9100484/mp-eric-joyce-arrested-and-suspended-from-labour-party-over-house-of-commons-brawl.html	telegraph.co.uk
9910527	eol.org/pages/913214	eol.org
9723792	sos.ok.gov/documents/filelog/87580.pdf	sos.ok.gov
30139019	imdb.com/name/nm0117505	imdb.com
14095197	eiupanthers.com/news/2010/6/8/gen_0608101905.aspx	eiupanthers.com
2800379	gd2.mlb.com/content/game/mlb/year_2016/month_04/day_05/gid_2016_04_05_lanmlb_sdnmlb_1/boxscore_col.html	gd2.mlb.com
6896730	onelonelyhorn.blogspot.com/2008/02/review-caramel-jack-1900.html	onelonelyhorn.blogspot.com
25907287	1021kzmc.com/kzmc/index.htm	1021kzmc.com
49908020	allafrica.com/stories/201604040699.html	allafrica.com
34149283	minorplanetcenter.net/db_search/show_object?object_id=529779	minorplanetcenter.net
36824676	api.semanticscholar.org/corpusid:120065988	api.semanticscholar.org
8698866	translate.google.com/translate?&hl=en&prev=_t&sl=de&tl=en&u=https://de.wikipedia.org/wiki/fronreute	translate.google.com
33684308	gov.uk/government/publications/statement-of-evidence-methoxetamine	gov.uk
11333520	portal.historicenvironment.scot/designation/lb29347	portal.historicenvironment.scot
27453795	schwarzaufweiss.de/schwarzwald/waldeck.htm	schwarzaufweiss.de
25351224	coa.inducks.org/story.php?c=w+moc++41-01	coa.inducks.org
13945575	geonames.usgs.gov/apex/f?p=gnispq:3:::no::p3_fid:753067	geonames.usgs.gov
38104264	scholar.google.com/scholar?as_sdt=400005&cites=2470931706099625014&hl=en&sciodt=0,14	scholar.google.com
47876849	people.cis.fiu.edu/iyengar/wp-content/uploads/sites/2/2016/12/resumenov13th.pdf	people.cis.fiu.edu
30457067	idref.fr/035564733	idref.fr
47031816	money.tmx.com/en/quote/xsq	money.tmx.com
26698978	u18women.fibaeurope.com/en/compid_uhp8shgujsyavkyumkarz1.season_2015.roundid_10457.gameid_11217-b-3-2.html	u18women.fibaeurope.com
2563544	uboat.net/wwi/ships_hit/1460.html	uboat.net
33361782	the-travelling-twins.com/best-natural-history-museum-around-the-world	the-travelling-twins.com
25852432	dawn.com/news/1481779	dawn.com
12930659	wikidata.org/wiki/q28790391#identifiers	wikidata.org
22995639	opac.vatlib.it/auth/detail/495_16180	opac.vatlib.it
46357277	youtube.com/watch?v=rf5j3xg9_lu	youtube.com
50070600	catalogue.bnf.fr/ark:/12148/cb13976696j	catalogue.bnf.fr
31576891	dm.af.mil/library/factsheets/factsheet.asp?id=12972	dm.af.mil
4854257	biodiversitylibrary.org/page/15019162#page%2f488%2fmode%2f1up	biodiversitylibrary.org
26564258	sarracenia.com/pubs/ncsp.doc	sarracenia.com
49055523	elvis.com.au/presley/interview_djfontana.shtml	elvis.com.au
39783682	viaf.org/viaf/90507700	viaf.org
35832486	obspm.fr/researchers-find-ethyl.html	obspm.fr
564529	brazzaville-adiac.com/index.php?liste_from=20&action=depeche&cat_id=0&dep_id=8420&oldaction=liste&regpay_id=0&select_month=0&select_year=0&ss_cat_id=0&them_id=0	brazzaville-adiac.com
5907210	billboard.com/music/tyler-the-creator/chart-history/tfc	billboard.com
46103933	variety.com/2011/film/markets-festivals/kino-lorber-nabs-kumare-1118047847	variety.com
5954069	arcade-museum.com/i/i,_robot.html	arcade-museum.com
26032497	apps.dtic.mil/dtic/tr/fulltext/u2/a418689.pdf	apps.dtic.mil
39396977	hamworthy.com/products-systems/oil-gas/oil-and-water-separation/technology/viec/,	hamworthy.com
21454642	portsmouth-guide.co.uk/local_f/port800.htm	portsmouth-guide.co.uk
33361380	data.bibliotheken.nl/id/thes/p324891326	data.bibliotheken.nl
14291826	youtube.com/watch?v=kr8ypzyclwq	youtube.com
39622069	d-nb.info/gnd/4135570-2	d-nb.info
12698056	cdc.gov/parasites/sth	cdc.gov
28250082	apps.kew.org/wcsp/namedetail.do?name_id=247542	apps.kew.org
21966963	pd.cpim.org/2011/0619_pd/06192011_1.html	pd.cpim.org
7218491	cartt.ca/nfl-redzone-presented-in-french-for-first-time-on-rds-direct	cartt.ca
8924620	dc.swosu.edu/mythlore/vol16/iss4/2	dc.swosu.edu
26779929	alwadifatoday.com/tanger-free-zonetfz-la-future-vision	alwadifatoday.com
22461437	worldcat.org/identities/lccn-n87821098	worldcat.org
45414742	kotaku.com/mercenaries-saga-chronicles-heads-to-the-nintendo-switc-1822266912	kotaku.com
37806227	noamparty.org.il	noamparty.org.il
6496854	laptops.toshiba.com/pressrelease/464486?frompage=editorials	laptops.toshiba.com
50740870	minorplanetcenter.net/db_search/show_object?object_id=488667	minorplanetcenter.net
13104487	cesine.com/es/noticias/actualidad/estudiantes-de-cesine-visitan-las-instalaciones-de-teka-en-santander	cesine.com
16652654	wikidata.org/wiki/q156521#identifiers	wikidata.org
30198785	washingtonpost.com/sports/2021/04/02/jden-cox-misses-weight-wrestling-olympics	washingtonpost.com
5957512	sundance.tv/series/deutschland-83/blog/2015/07/deutschland-83-playlist-top-10-songs-of-1983-according-to-billboard	sundance.tv
33885660	minorplanetcenter.net/db_search/show_object?object_id=454918	minorplanetcenter.net
43688573	rtvslo.si/slovenija/zelim-da-ob-dveh-crkah-ne-vidite-le-mojega-imena-ampak-zacetnici-abecede/338236	rtvslo.si
5227935	nces.ed.gov/ccd/schoolsearch/school_detail.asp?districtid=2500002&id=250000201790&search=1	nces.ed.gov
40329016	psykiatri-regionh.dk/menu/centre/psykiatriske+centre/psykiatrisk+center+sct.+hans/om+centret/museum/om+museet.htm	psykiatri-regionh.dk
13748170	vtape.org/artist?ai=701	vtape.org
20313060	wivb.com/dpp/news/buffalo/buffalo-has-new-sister-city-in-s-korea	wivb.com
43289753	eol.org/pages/72279	eol.org
8333361	worldcat.org/identities/lccn-n78086397	worldcat.org
3408210	stuffyoushouldknow.com/podcasts/subways-huh-what-are-they-good-for	stuffyoushouldknow.com
16727222	arbitron.com/sip/displaysip.do?band=fm&callletter=kzwa&surveyid=fa20	arbitron.com
33039369	wikidata.org/wiki/q4369929#identifiers	wikidata.org
2350671	glasgowlive.co.uk/news/tv/game-thrones-star-grew-up-13541880	glasgowlive.co.uk
33157089	windtech-international.com/product-news/ges-haliade-x-receives-typhoon-certification-from-dnv	windtech-international.com
10069095	imdb.com/title/tt0156959	imdb.com
10778922	isni.org/isni/0000000106752121	isni.org
25386649	nyra.com/saratoga/racing/stakes-schedule/lake-george	nyra.com
21956901	landings.com/evird.acgi?10=&1=&5=&6=sunchon&7=&8=&9=&buf=66&cgi=/cgi-bin/nph-search_apt&max_ret=10&mtd=41&pass=183590104&ref=-&src=_landings/pages/search_apt.html&start_ret=1&var=13	landings.com
50618444	upcoming4.me/news/book-news/the-story-behind-the-child-eater-by-rachel-pollack	upcoming4.me
31526804	secularism.org.uk/news/2013/07/bbc-once-more-rejects-non-religious-voices-on-thought-for-the-day	secularism.org.uk
11293496	id.loc.gov/authorities/names/n2008041722	id.loc.gov
13459619	wikidata.org/wiki/q1104832#identifiers	wikidata.org
50847318	wikidata.org/wiki/q35489083#identifiers	wikidata.org
30405311	argonauta.revues.org/397	argonauta.revues.org
25377301	imdb.com/name/nm0342628	imdb.com
33063248	viaf.org/viaf/32080684	viaf.org
29278314	worldcat.org/identities/lccn-no2008187894	worldcat.org
46371742	mlb.com/player/646057	mlb.com
44873895	books.google.com/?id=edgcaaaayaaj	books.google.com
36015236	eurogamer.net/content/ho_bigscale_ects02	eurogamer.net
5835285	seattletimes.com/nation-world/sc-gov-sanford-to-face-ethics-charges-over-affair	seattletimes.com
8940572	viaf.org/viaf/150066461	viaf.org
17491572	rebelnoise.com/labels/kscope	rebelnoise.com
44204704	nww.usace.army.mil/html/pub/civilworks/cwafy97/para9.htm	nww.usace.army.mil
1740564	wikidata.org/wiki/q28650390#identifiers	wikidata.org
47051680	portal.historicenvironment.scot/designation/lb10443	portal.historicenvironment.scot
36991912	aleph.nkp.cz/f/?con_lng=eng&ccl_term=ica=jn19990210586&func=find-c&local_base=aut	aleph.nkp.cz
4640181	archive.org/details/op1252984-1001	archive.org
34486803	hpi.de/en/school-of-design-thinking/hpi-d-school/coaches/afridun-amu.html	hpi.de
5978274	nme.com/news/pixies/23519	nme.com
46626643	eol.org/pages/10759	eol.org
19655760	livingcolourmusic.com/2006/07/note-from-vernon-reid.html	livingcolourmusic.com
35410736	puertorico2009.fiba.com/pages/eng/fe/09/facm/statistics/p/rpp/sid/4042/sp/all/ss/mi/srid/all/top-players.html	puertorico2009.fiba.com
33036080	tonyortega.org/greta-van-susteren-scientology-celebrity	tonyortega.org
33375989	idref.fr/078646464	idref.fr
38968831	ssd.jpl.nasa.gov/sbdb.cgi?sstr=379701#content	ssd.jpl.nasa.gov
14922143	fis-ski.com/db/general/athlete-biography.html?competitorid=154093&sectorcode=jp	fis-ski.com
35496738	minorplanetcenter.net/db_search/show_object?object_id=499121	minorplanetcenter.net
41742675	ui.adsabs.harvard.edu/abs/1998itip....7..729d	ui.adsabs.harvard.edu
9109824	fifa.com/worldcup/archive/edition=1013/preliminaries/preliminary=897/matches/match=8543/report.html	fifa.com
13349780	artuk.org/discover/artworks/search/actor:corbet-matthew-ridley-18501902	artuk.org
6429248	epsomguardian.co.uk/news/14484681.reigate_and_banstead_mp_crispin_blunt_declares_himself_for_brexit	epsomguardian.co.uk
9437472	mathgenealogy.org/id.php?id=147632	mathgenealogy.org
40251684	biodiversityofindia.org/index.php?title=native_cow_varieties_of_india	biodiversityofindia.org
42640742	belegbg.wordpress.com/2015/03/03/alberto-mangel-cudo-pripovedanja	belegbg.wordpress.com
40664047	lemonde.fr/web/article/0,1-0@2-3214,36-737587@51-735567,0.html	lemonde.fr
45076709	d-nb.info/gnd/11928314x	d-nb.info
8253027	oscars.org/academy-film-archive/preserved-projects?category=all&collection=all&filmmaker=&title=he+comes+up+smiling	oscars.org
5688636	snaccooperative.org/ark:/99166/w6pv9m49	snaccooperative.org
46047511	digitalspy.com/tv/a302415/clare-grogan-explains-skins-role	digitalspy.com
6959520	ssd.jpl.nasa.gov/sbdb.cgi?sstr=148975;cad=1	ssd.jpl.nasa.gov
47441767	id.ndl.go.jp/auth/ndlna/00562736	id.ndl.go.jp
50147489	diez.hn/ellocodelimber/1101197-498/jugador-colombiano-andres_quejada-honduras-olimpia	diez.hn
1816147	henryzajaczkowski.co.uk/home/my-musicological-publications	henryzajaczkowski.co.uk
37816277	ncbi.nlm.nih.gov/entrez/viewer.fcgi?val=np_113618	ncbi.nlm.nih.gov
42262794	aleph.nkp.cz/f/?con_lng=eng&ccl_term=ica=ge869724&func=find-c&local_base=aut	aleph.nkp.cz
8912294	worldfootball.net/spieler_profil/hussein-akil	worldfootball.net
27528451	npgallery.nps.gov/nrhp/getasset/nrhp/78001240_text	npgallery.nps.gov
20669031	imdb.com/title/tt0421344	imdb.com
50681584	id.loc.gov/authorities/names/n85046844	id.loc.gov
35569281	mq.edu.au/about/about-the-university/governance/executive/deputy-vice-chancellor-students-and-registrar	mq.edu.au
42924306	australianfootball.com/players/player/wally+spencer/7427	australianfootball.com
45014903	latuquehistoire.blogspot.com/2010/08/la-premiere-residence-de-romulus.html	latuquehistoire.blogspot.com
25080879	hobby.dengeki.com/news/588227	hobby.dengeki.com
49308620	id.ndl.go.jp/auth/ndlna/01096418	id.ndl.go.jp
48404419	press.cc.com/press-release/2008/02/19/021908_toddbarry_cd_ccr	press.cc.com
46995992	sports-reference.com/olympics/athletes/jo/per-jordbakke-1.html	sports-reference.com
5402812	amazon.co.uk/dp/b00ew9gqr6	amazon.co.uk
44008902	texastribune.org/texas-dept-criminal-justice/cameron-todd-willingham/forensic-commissioners-push-back-against-bradley	texastribune.org
33172660	sports-reference.com/cbb/schools/georgetown/1947-schedule.html	sports-reference.com
26831040	axiomadvisors.net/livesarc/sarcindexpdfs/37681303734761_08-09_1.pdf	axiomadvisors.net
7026327	nl.go.kr/authorities/resource/kac199600429	nl.go.kr
19489112	worldcat.org/identities/lccn-n88067708	worldcat.org
44565460	moma.org/explore/multimedia/audios/190/1972	moma.org
9453	amazon.com/more-youll-feat-charlie-wilson/dp/b005j2bl20	amazon.com
6827581	sacredjapan.com/temple%2007/temple%2007.htm	sacredjapan.com
12635420	americanart.si.edu/artist/karl-h-gruppe-1973	americanart.si.edu
12867186	billboard.com/music/lenny-kravitz/chart-history/billboard-200	billboard.com
25561824	msdn.microsoft.com/en-us/library/cc231199.aspx	msdn.microsoft.com
10815204	videogamer.com/reviews/octopath-traveler-review	videogamer.com
21007838	verafiles.org/articles/vera-files-fact-check-de-lima-will-not-be-transferred-bilibi	verafiles.org
45345799	kunishitei.bunka.go.jp/heritage/detail/101/00000271	kunishitei.bunka.go.jp
29327709	ci.nii.ac.jp/author/da00199771?l=en	ci.nii.ac.jp
4617667	sunderlandconservatives.org.uk	sunderlandconservatives.org.uk
9468951	aps.org/programs/honors/prizes/prizerecipient.cfm?first_nm=tihiro&last_nm=ohkawa&year=1979	aps.org
8098997	theindependent.com/sports/eight-veterans-returning-for-danger-for/article_6cb89f80-21b4-11e3-9e07-0019bb2963f4.html	theindependent.com
36198774	isni.org/isni/0000000436046975	isni.org
43104868	fgmag.com/news/index.php?newsmode=full&nid=5119	fgmag.com
4964154	telegraph.co.uk/news/obituaries/10569082/maria-lidka-obituary.html	telegraph.co.uk
41572437	nhm.ac.uk/our-science/data/butmoth/search/genusdetails.dsml?number=14717.0	nhm.ac.uk
47353587	megazy.com/%e0%b8%94%e0%b8%b9/%e0%b8%a3%e0%b8%b9%e0%b8%9b%e0%b8%a0%e0%b8%b2%e0%b8%9e/%e0%b9%80%e0%b8%a3%e0%b8%b7%e0%b9%88%e0%b8%ad%e0%b8%87%e0%b8%97%e0%b8%b5%e0%b9%88%e0%b8%ad%e0%b8%a2%e0%b8%b2%e0%b8%81%e0%b8%a3%e0%b8%b9%e0%b9%89-14-%e0%b8%9b%e0%b8%b5%e0%b8%82%e0%b8%ad%e0%b8%87-lips-%e0%b8%81%e0%b8%b1%e0%b8%9a-%e0%b8%a1%e0%b8%b4%e0%b8%99%e0%b8%9e%e0%b8%b5%e0%b8%8a%e0%b8%8d%e0%b8%b2-%e0%b9%82%e0%b8%9e%e0%b8%aa%e0%b9%82%e0%b8%94%e0%b8%a2-lips-50690.htm	megazy.com
44404599	pro-football-reference.com/players/b/balddo00/gamelog/2014	pro-football-reference.com
3908319	eiga.com/movie/79762	eiga.com
7929865	tidal-model.com	tidal-model.com
33714129	id.worldcat.org/fast/162221	id.worldcat.org
12525752	tcm.com/tcmdb/title/17710/pork-chop-hill	tcm.com
27279549	nzqa.govt.nz/qualifications/ssq/statistics/school-profile.do?decile=n&gender=%25&pc=316&type=all&view=n&year=2006#t	nzqa.govt.nz
8047303	odds.ru/football/news/lassana-n-diaye-pereshel-iz-cska-v-veles-na-pravah-arendy	odds.ru
22809674	psychologytoday.com/blog/shrink-rap-today/201108/solitary-confinement-rumor-and-reality	psychologytoday.com
18180987	utakmica.rs/fudbaler/1115-jankovic-dejan	utakmica.rs
44015181	inaturalist.org/taxa/3672	inaturalist.org
43745724	legacy.signonsandiego.com/news/metro/20040106-9999_1n6peyer.html	legacy.signonsandiego.com
22707552	complex.com/music/2014/08/25-new-rappers-to-watch-out-for-in-2014/allan-kingdom	complex.com
10936999	ui.adsabs.harvard.edu/abs/1953gsab...64....7d	ui.adsabs.harvard.edu
27188261	historicplaces.ca/en/rep-reg/place-lieu.aspx?id=2132	historicplaces.ca
42038826	billboard.com/music/default/chart-history/mtl	billboard.com
46533056	census.gov/library/publications/decennial/2010/cph-2/cph-2-14.pdf	census.gov
34792373	idolator.com/5523531/sky-ferreira-releases-one-awesome-track-from-her-debut-album	idolator.com
1311139	postsymbolism.ru/esaulov/articles/the_paschal_archetype_of_russian_literature_and_the_structure_of_doctor_zhivago_ivan_esaulov.pdf	postsymbolism.ru
46557283	historyofparliamentonline.org/volume/1558-1603/member/molyneux-richard-ii-1559-1623	historyofparliamentonline.org
24403893	bse.sci-lib.com/article050759.html	bse.sci-lib.com
23356117	ssd.jpl.nasa.gov/sbdb.cgi?sstr=64809#content	ssd.jpl.nasa.gov
16701391	worldcat.org/identities/lccn-n2002069687	worldcat.org
13655777	philstar.com/sports/2015/11/16/1522514/eagles-deltas-rule-fr.-martin-division-2-cagefest	philstar.com
34140935	insee.fr/fr/statistiques/5001880?geo=com-2a259	insee.fr
1197567	opsi.gov.uk/si/si1993/uksi_19931148_en_1.htm	opsi.gov.uk
33435260	elpais.com/ccaa/2018/10/19/madrid/1539952093_219087.html	elpais.com
38768186	hindustantimes.com/bollywood/writing-is-a-very-solitary-experience-habib-faisal/story-xzzewvu90zslyiqacwqewm.html	hindustantimes.com
32605759	npgallery.nps.gov/assetdetail/nris/08000634	npgallery.nps.gov
18881398	elections.org.za/content/lgepublicreports/402/detailed%20results/kn/kzn265.pdf	elections.org.za
48562978	itunes.apple.com/au/album/djarimirri-child-of-the-rainbow/1351130011	itunes.apple.com
8641690	crainsdetroit.com/article/20160115/blog103/160119927/report-measures-impact-of-renewable-portfolio-standard	crainsdetroit.com
10124228	amazon.com/gp/product/b0113nvv1y	amazon.com
47042934	fallingrain.com/world/in/36/gursahaiganj.html	fallingrain.com
12204019	forbes.com/billionaires/list/#version%3astatic_header%3aposition_country%3arussia	forbes.com
50137079	greybook.cern.ch/greybook/experiment/detail?id=wa81	greybook.cern.ch
39658449	wikidata.org/wiki/q879532#identifiers	wikidata.org
26657631	allmovie.com/movie/v412752	allmovie.com
34899444	ipni.org/ipni/idplantnamesearch.do?id=189502-1	ipni.org
20600616	youtube.com/watch?v=qetvk6ldl2s	youtube.com
4356763	iep.utm.edu/a/american.htm	iep.utm.edu
28553662	tornadohistoryproject.com/tornado/1970/9/map	tornadohistoryproject.com
10415941	uscourts.gov/formsandfees/fees/electronicpublicaccessfeeschedule.aspx	uscourts.gov
9289920	wikidata.org/wiki/q53545#p536	wikidata.org
9549157	hdl.loc.gov/loc.uscongress/legislation.113hr3470	hdl.loc.gov
40181759	minorplanetcenter.net/db_search/show_object?object_id=294876	minorplanetcenter.net
41996336	kicker.de/news/fussball/bundesliga/vereine/585353/artikel_werder-suspendiert-arnautovic-und-elia.html	kicker.de
8273051	mygym.com	mygym.com
6474391	baseball-reference.com/o/ortizju01.shtml	baseball-reference.com
17823077	books.google.com/?id=oj8mcaaaqbaj	books.google.com
30120673	miamidolphins.com/news/dolphins-awarded-ken-crawley-waived-isaiah-ford	miamidolphins.com
9421041	bzi.ro/capitanul-dorel-bernard-va-reveni-la-iasi-48902	bzi.ro
8755443	youtube.com/watch?v=9pfjoocqlg0	youtube.com
5638633	rkd.nl/en/explore/artists/392478	rkd.nl
29393296	apiv3.iucnredlist.org/api/v3/taxonredirect/22700523	apiv3.iucnredlist.org
10732747	minorplanetcenter.net/db_search/show_object?object_id=186647	minorplanetcenter.net
9557588	loc.gov/today/pr/2012/12-197.html	loc.gov
15133188	catalogue.bnf.fr/ark:/12148/cb12274140q	catalogue.bnf.fr
32145279	news.google.com/newspapers?id=xkjiaaaaibaj&pg=5706,4687189&sjid=tgseaaaaibaj	news.google.com
48693570	thepeerage.com/p38868.htm	thepeerage.com
48051806	outlookindia.com/magazine/story/remembering-the-map-makers/298095	outlookindia.com
13512788	exchange-rates.org/rate/usd/cny/4-24-2019	exchange-rates.org
37602088	en.wikisource.org/wiki/indian_fairy_tales_(stokes,_1879)/the_princess_who_loved_her_father_like_salt	en.wikisource.org
18147447	musicline.de/de/chartverfolgung_summary/title/allen,lily/fuck+you/single	musicline.de
5519078	nytimes.com/slideshow/2010/09/15/garden/0916emerson-slideshow.html	nytimes.com
28271706	indigenous.gov.au/2012-nsw-aboriginal-rugby-league-knockout	indigenous.gov.au
25569890	data.bibliotheken.nl/id/thes/p130356271	data.bibliotheken.nl
7048641	infoprijedor.com/newspreview.aspx?newscode=2048&newsheading=%e2%80%9erudari%e2%80%9c-otputovali-u-makarsku-na-pripreme	infoprijedor.com
18061908	malegislature.gov/bills/188/senate/s796	malegislature.gov
26236256	ice-ribbon.ne07.jp/page/resultdata_479.html	ice-ribbon.ne07.jp
14706505	data.bnf.fr/ark:/12148/cb11887060w	data.bnf.fr
44824725	allmusic.com/album/loving-you-now-mw0001447046	allmusic.com
